{
    "type": "FeatureCollection",
    "features": [
        {
            "geometry": {
                "coordinates": [
                    [
                        107.768779,
                        15.69192
                    ],
                    [
                        107.768457,
                        15.691758
                    ],
                    [
                        107.768328,
                        15.691693
                    ],
                    [
                        107.766478,
                        15.690815
                    ],
                    [
                        107.76629,
                        15.690733
                    ],
                    [
                        107.76599,
                        15.690602
                    ],
                    [
                        107.7657,
                        15.690473
                    ],
                    [
                        107.765582,
                        15.690423
                    ],
                    [
                        107.764832,
                        15.6901
                    ],
                    [
                        107.764713,
                        15.690074
                    ],
                    [
                        107.764624,
                        15.690055
                    ],
                    [
                        107.764398,
                        15.690043
                    ],
                    [
                        107.76373,
                        15.690139
                    ],
                    [
                        107.763586,
                        15.690174
                    ],
                    [
                        107.763458,
                        15.690228
                    ],
                    [
                        107.763212,
                        15.690363
                    ],
                    [
                        107.76303,
                        15.690438
                    ],
                    [
                        107.762896,
                        15.690459
                    ],
                    [
                        107.761821,
                        15.690422
                    ],
                    [
                        107.761573,
                        15.690394
                    ],
                    [
                        107.761387,
                        15.690352
                    ],
                    [
                        107.761229,
                        15.69028
                    ],
                    [
                        107.760981,
                        15.690149
                    ],
                    [
                        107.760802,
                        15.690022
                    ],
                    [
                        107.760661,
                        15.689878
                    ],
                    [
                        107.760563,
                        15.689714
                    ],
                    [
                        107.760516,
                        15.68953
                    ],
                    [
                        107.760496,
                        15.689239
                    ],
                    [
                        107.760475,
                        15.68881
                    ],
                    [
                        107.760425,
                        15.688156
                    ],
                    [
                        107.760379,
                        15.687889
                    ],
                    [
                        107.760277,
                        15.68738
                    ],
                    [
                        107.760112,
                        15.686888
                    ],
                    [
                        107.760019,
                        15.686747
                    ],
                    [
                        107.7599,
                        15.68664
                    ],
                    [
                        107.759737,
                        15.686553
                    ],
                    [
                        107.759559,
                        15.686487
                    ],
                    [
                        107.759399,
                        15.686494
                    ],
                    [
                        107.759174,
                        15.686553
                    ],
                    [
                        107.757038,
                        15.687386
                    ],
                    [
                        107.756823,
                        15.687453
                    ],
                    [
                        107.756715,
                        15.687468
                    ],
                    [
                        107.756595,
                        15.687444
                    ],
                    [
                        107.755431,
                        15.687026
                    ],
                    [
                        107.755231,
                        15.686931
                    ],
                    [
                        107.75506,
                        15.686812
                    ],
                    [
                        107.754673,
                        15.686458
                    ],
                    [
                        107.754566,
                        15.686321
                    ],
                    [
                        107.75436,
                        15.686037
                    ],
                    [
                        107.754197,
                        15.685882
                    ],
                    [
                        107.753748,
                        15.685616
                    ],
                    [
                        107.752974,
                        15.685179
                    ],
                    [
                        107.752844,
                        15.685149
                    ],
                    [
                        107.752702,
                        15.685146
                    ],
                    [
                        107.752573,
                        15.685182
                    ],
                    [
                        107.752192,
                        15.685383
                    ],
                    [
                        107.7519,
                        15.685533
                    ],
                    [
                        107.751798,
                        15.685562
                    ],
                    [
                        107.751685,
                        15.685567
                    ],
                    [
                        107.7515,
                        15.685554
                    ],
                    [
                        107.749711,
                        15.685195
                    ],
                    [
                        107.74951,
                        15.685141
                    ],
                    [
                        107.749371,
                        15.685092
                    ],
                    [
                        107.749262,
                        15.685005
                    ],
                    [
                        107.749194,
                        15.684911
                    ],
                    [
                        107.749116,
                        15.684815
                    ],
                    [
                        107.748978,
                        15.684635
                    ],
                    [
                        107.748835,
                        15.684439
                    ],
                    [
                        107.748483,
                        15.684152
                    ],
                    [
                        107.748372,
                        15.684056
                    ],
                    [
                        107.748279,
                        15.683997
                    ],
                    [
                        107.748169,
                        15.683943
                    ],
                    [
                        107.747957,
                        15.683876
                    ],
                    [
                        107.747523,
                        15.683775
                    ],
                    [
                        107.747176,
                        15.683674
                    ],
                    [
                        107.746822,
                        15.683548
                    ],
                    [
                        107.746541,
                        15.683434
                    ],
                    [
                        107.746334,
                        15.683336
                    ],
                    [
                        107.746192,
                        15.68324
                    ],
                    [
                        107.745916,
                        15.683031
                    ],
                    [
                        107.745449,
                        15.682553
                    ],
                    [
                        107.745074,
                        15.682339
                    ],
                    [
                        107.744341,
                        15.682042
                    ],
                    [
                        107.744205,
                        15.681978
                    ],
                    [
                        107.743687,
                        15.681634
                    ],
                    [
                        107.743402,
                        15.68145
                    ],
                    [
                        107.743402,
                        15.68145
                    ],
                    [
                        107.743368,
                        15.68143
                    ],
                    [
                        107.743067,
                        15.681291
                    ],
                    [
                        107.741933,
                        15.680803
                    ],
                    [
                        107.741734,
                        15.680707
                    ],
                    [
                        107.741565,
                        15.680653
                    ],
                    [
                        107.741386,
                        15.680637
                    ],
                    [
                        107.741227,
                        15.68064
                    ],
                    [
                        107.741034,
                        15.680684
                    ],
                    [
                        107.740804,
                        15.680795
                    ],
                    [
                        107.740452,
                        15.681014
                    ],
                    [
                        107.740273,
                        15.6811
                    ],
                    [
                        107.740093,
                        15.681156
                    ],
                    [
                        107.739768,
                        15.681211
                    ],
                    [
                        107.73954,
                        15.681231
                    ],
                    [
                        107.739389,
                        15.681205
                    ],
                    [
                        107.738864,
                        15.68095
                    ],
                    [
                        107.73847,
                        15.680826
                    ],
                    [
                        107.737673,
                        15.680627
                    ],
                    [
                        107.737478,
                        15.680552
                    ],
                    [
                        107.737368,
                        15.68049
                    ],
                    [
                        107.737263,
                        15.680389
                    ],
                    [
                        107.736971,
                        15.680082
                    ],
                    [
                        107.736861,
                        15.680002
                    ],
                    [
                        107.736737,
                        15.679943
                    ],
                    [
                        107.736579,
                        15.679886
                    ],
                    [
                        107.736297,
                        15.679804
                    ],
                    [
                        107.735823,
                        15.6797
                    ],
                    [
                        107.735155,
                        15.679576
                    ],
                    [
                        107.73497,
                        15.679547
                    ],
                    [
                        107.734828,
                        15.679517
                    ],
                    [
                        107.734677,
                        15.679457
                    ],
                    [
                        107.734597,
                        15.679416
                    ],
                    [
                        107.733113,
                        15.677991
                    ],
                    [
                        107.732915,
                        15.677807
                    ],
                    [
                        107.732821,
                        15.677698
                    ],
                    [
                        107.732738,
                        15.677572
                    ],
                    [
                        107.732685,
                        15.677471
                    ],
                    [
                        107.732658,
                        15.677368
                    ],
                    [
                        107.732577,
                        15.676981
                    ],
                    [
                        107.732524,
                        15.676877
                    ],
                    [
                        107.732376,
                        15.676733
                    ],
                    [
                        107.732239,
                        15.676637
                    ],
                    [
                        107.732119,
                        15.676578
                    ],
                    [
                        107.731995,
                        15.676526
                    ],
                    [
                        107.731775,
                        15.676477
                    ],
                    [
                        107.731243,
                        15.676382
                    ],
                    [
                        107.730759,
                        15.676296
                    ],
                    [
                        107.730327,
                        15.676224
                    ],
                    [
                        107.729922,
                        15.676118
                    ],
                    [
                        107.727827,
                        15.675281
                    ],
                    [
                        107.72691,
                        15.674881
                    ],
                    [
                        107.726438,
                        15.674618
                    ],
                    [
                        107.726326,
                        15.674557
                    ],
                    [
                        107.725861,
                        15.674254
                    ],
                    [
                        107.725392,
                        15.673877
                    ],
                    [
                        107.725085,
                        15.673691
                    ],
                    [
                        107.724785,
                        15.67351
                    ],
                    [
                        107.723232,
                        15.672689
                    ],
                    [
                        107.723093,
                        15.672647
                    ],
                    [
                        107.722892,
                        15.672606
                    ],
                    [
                        107.722683,
                        15.672601
                    ],
                    [
                        107.720963,
                        15.672611
                    ],
                    [
                        107.720526,
                        15.672605
                    ],
                    [
                        107.720336,
                        15.67258
                    ],
                    [
                        107.720041,
                        15.672508
                    ],
                    [
                        107.719287,
                        15.67223
                    ],
                    [
                        107.717657,
                        15.671724
                    ],
                    [
                        107.717197,
                        15.67164
                    ],
                    [
                        107.716994,
                        15.67163
                    ],
                    [
                        107.716802,
                        15.671637
                    ],
                    [
                        107.716593,
                        15.671668
                    ],
                    [
                        107.716196,
                        15.671726
                    ],
                    [
                        107.716028,
                        15.671751
                    ],
                    [
                        107.715806,
                        15.671777
                    ],
                    [
                        107.715602,
                        15.671787
                    ],
                    [
                        107.715505,
                        15.671785
                    ],
                    [
                        107.715411,
                        15.671774
                    ],
                    [
                        107.715301,
                        15.671767
                    ],
                    [
                        107.715116,
                        15.671738
                    ],
                    [
                        107.714977,
                        15.67171
                    ],
                    [
                        107.714837,
                        15.671635
                    ],
                    [
                        107.714547,
                        15.671459
                    ],
                    [
                        107.714303,
                        15.671261
                    ],
                    [
                        107.713743,
                        15.670785
                    ],
                    [
                        107.713558,
                        15.67061
                    ],
                    [
                        107.713488,
                        15.670488
                    ],
                    [
                        107.713418,
                        15.670349
                    ],
                    [
                        107.713365,
                        15.670212
                    ],
                    [
                        107.713279,
                        15.669941
                    ],
                    [
                        107.713257,
                        15.669747
                    ],
                    [
                        107.713185,
                        15.669476
                    ],
                    [
                        107.713126,
                        15.669236
                    ],
                    [
                        107.713091,
                        15.669163
                    ],
                    [
                        107.713072,
                        15.66905
                    ],
                    [
                        107.713016,
                        15.668856
                    ],
                    [
                        107.712898,
                        15.668531
                    ],
                    [
                        107.71275,
                        15.668252
                    ],
                    [
                        107.712579,
                        15.667937
                    ],
                    [
                        107.712426,
                        15.667619
                    ],
                    [
                        107.712319,
                        15.667459
                    ],
                    [
                        107.712211,
                        15.667314
                    ],
                    [
                        107.71212,
                        15.667177
                    ],
                    [
                        107.711964,
                        15.666965
                    ],
                    [
                        107.711891,
                        15.666883
                    ],
                    [
                        107.711569,
                        15.66654
                    ],
                    [
                        107.711285,
                        15.666209
                    ],
                    [
                        107.711047,
                        15.66598
                    ],
                    [
                        107.711023,
                        15.665957
                    ],
                    [
                        107.710767,
                        15.665769
                    ],
                    [
                        107.710574,
                        15.66565
                    ],
                    [
                        107.709977,
                        15.665442
                    ],
                    [
                        107.709379,
                        15.665201
                    ],
                    [
                        107.709102,
                        15.665055
                    ],
                    [
                        107.709018,
                        15.665011
                    ],
                    [
                        107.707508,
                        15.664199
                    ],
                    [
                        107.707118,
                        15.663926
                    ],
                    [
                        107.706917,
                        15.663767
                    ],
                    [
                        107.706796,
                        15.663674
                    ],
                    [
                        107.706635,
                        15.663574
                    ],
                    [
                        107.706356,
                        15.663399
                    ],
                    [
                        107.706149,
                        15.663265
                    ],
                    [
                        107.705838,
                        15.663136
                    ],
                    [
                        107.705246,
                        15.662926
                    ],
                    [
                        107.705012,
                        15.662839
                    ],
                    [
                        107.704822,
                        15.662782
                    ],
                    [
                        107.704642,
                        15.662702
                    ],
                    [
                        107.704371,
                        15.662506
                    ],
                    [
                        107.703956,
                        15.662234
                    ],
                    [
                        107.703607,
                        15.662038
                    ],
                    [
                        107.703355,
                        15.661819
                    ],
                    [
                        107.703084,
                        15.661528
                    ],
                    [
                        107.702919,
                        15.661361
                    ],
                    [
                        107.702767,
                        15.661199
                    ],
                    [
                        107.702677,
                        15.661123
                    ],
                    [
                        107.702594,
                        15.661045
                    ],
                    [
                        107.702361,
                        15.660871
                    ],
                    [
                        107.70233,
                        15.660849
                    ],
                    [
                        107.701909,
                        15.66055
                    ],
                    [
                        107.701214,
                        15.660084
                    ],
                    [
                        107.700742,
                        15.659843
                    ],
                    [
                        107.700487,
                        15.659675
                    ],
                    [
                        107.700367,
                        15.65961
                    ],
                    [
                        107.700216,
                        15.659561
                    ],
                    [
                        107.700005,
                        15.65952
                    ],
                    [
                        107.69972,
                        15.659506
                    ],
                    [
                        107.699423,
                        15.659496
                    ],
                    [
                        107.698489,
                        15.659461
                    ],
                    [
                        107.69814,
                        15.659437
                    ],
                    [
                        107.697985,
                        15.659412
                    ],
                    [
                        107.697845,
                        15.65937
                    ],
                    [
                        107.697585,
                        15.659259
                    ],
                    [
                        107.697199,
                        15.65904
                    ],
                    [
                        107.695595,
                        15.658185
                    ],
                    [
                        107.695457,
                        15.658136
                    ],
                    [
                        107.695284,
                        15.658094
                    ],
                    [
                        107.695096,
                        15.658063
                    ],
                    [
                        107.694509,
                        15.657978
                    ],
                    [
                        107.694345,
                        15.657934
                    ],
                    [
                        107.69416,
                        15.657854
                    ],
                    [
                        107.693546,
                        15.657578
                    ],
                    [
                        107.693331,
                        15.657418
                    ],
                    [
                        107.693184,
                        15.657273
                    ],
                    [
                        107.69306,
                        15.657108
                    ],
                    [
                        107.693001,
                        15.656979
                    ],
                    [
                        107.692924,
                        15.656857
                    ],
                    [
                        107.692838,
                        15.656772
                    ],
                    [
                        107.692739,
                        15.656731
                    ],
                    [
                        107.692626,
                        15.656718
                    ],
                    [
                        107.692433,
                        15.656728
                    ],
                    [
                        107.691385,
                        15.656807
                    ],
                    [
                        107.691218,
                        15.656808
                    ],
                    [
                        107.690424,
                        15.656873
                    ],
                    [
                        107.690274,
                        15.656868
                    ],
                    [
                        107.689675,
                        15.656764
                    ],
                    [
                        107.689544,
                        15.656749
                    ],
                    [
                        107.689383,
                        15.656749
                    ],
                    [
                        107.689088,
                        15.65678
                    ],
                    [
                        107.688834,
                        15.656812
                    ],
                    [
                        107.688417,
                        15.656865
                    ],
                    [
                        107.688273,
                        15.656888
                    ],
                    [
                        107.688211,
                        15.656913
                    ],
                    [
                        107.68787,
                        15.657054
                    ],
                    [
                        107.687723,
                        15.657103
                    ],
                    [
                        107.687629,
                        15.657105
                    ],
                    [
                        107.687562,
                        15.657101
                    ],
                    [
                        107.687492,
                        15.657085
                    ],
                    [
                        107.687414,
                        15.657051
                    ],
                    [
                        107.687304,
                        15.656955
                    ],
                    [
                        107.68713,
                        15.656785
                    ],
                    [
                        107.68702,
                        15.656666
                    ],
                    [
                        107.686961,
                        15.656612
                    ],
                    [
                        107.686851,
                        15.656547
                    ],
                    [
                        107.686239,
                        15.656333
                    ],
                    [
                        107.686003,
                        15.656219
                    ],
                    [
                        107.685901,
                        15.656186
                    ],
                    [
                        107.685818,
                        15.656175
                    ],
                    [
                        107.685733,
                        15.656188
                    ],
                    [
                        107.685614,
                        15.656232
                    ],
                    [
                        107.685255,
                        15.656421
                    ],
                    [
                        107.685175,
                        15.656434
                    ],
                    [
                        107.685065,
                        15.65641
                    ],
                    [
                        107.684928,
                        15.656312
                    ],
                    [
                        107.684791,
                        15.656191
                    ],
                    [
                        107.684719,
                        15.65615
                    ],
                    [
                        107.684601,
                        15.656129
                    ],
                    [
                        107.684461,
                        15.656144
                    ],
                    [
                        107.684338,
                        15.656186
                    ],
                    [
                        107.684137,
                        15.656284
                    ],
                    [
                        107.683756,
                        15.656501
                    ],
                    [
                        107.683592,
                        15.656545
                    ],
                    [
                        107.683482,
                        15.656542
                    ],
                    [
                        107.6833,
                        15.656496
                    ],
                    [
                        107.683152,
                        15.656467
                    ],
                    [
                        107.68301,
                        15.656467
                    ],
                    [
                        107.682865,
                        15.656483
                    ],
                    [
                        107.682723,
                        15.656509
                    ],
                    [
                        107.682503,
                        15.656583
                    ],
                    [
                        107.682334,
                        15.656625
                    ],
                    [
                        107.682198,
                        15.656636
                    ],
                    [
                        107.682034,
                        15.65663
                    ],
                    [
                        107.681894,
                        15.656578
                    ],
                    [
                        107.681771,
                        15.656491
                    ],
                    [
                        107.681624,
                        15.656398
                    ],
                    [
                        107.681535,
                        15.656346
                    ],
                    [
                        107.681506,
                        15.656336
                    ],
                    [
                        107.681464,
                        15.656327
                    ],
                    [
                        107.681424,
                        15.656327
                    ],
                    [
                        107.681342,
                        15.656341
                    ],
                    [
                        107.681232,
                        15.656389
                    ],
                    [
                        107.681122,
                        15.656469
                    ],
                    [
                        107.680814,
                        15.656741
                    ],
                    [
                        107.680521,
                        15.657028
                    ],
                    [
                        107.679371,
                        15.658101
                    ],
                    [
                        107.679217,
                        15.658283
                    ],
                    [
                        107.679164,
                        15.658417
                    ],
                    [
                        107.679196,
                        15.658562
                    ],
                    [
                        107.679287,
                        15.658701
                    ],
                    [
                        107.68014,
                        15.659703
                    ],
                    [
                        107.680172,
                        15.659858
                    ],
                    [
                        107.680135,
                        15.659956
                    ],
                    [
                        107.680024,
                        15.660054
                    ],
                    [
                        107.679834,
                        15.660101
                    ],
                    [
                        107.679641,
                        15.660024
                    ],
                    [
                        107.679175,
                        15.659709
                    ],
                    [
                        107.679057,
                        15.659678
                    ],
                    [
                        107.678825,
                        15.659706
                    ],
                    [
                        107.678617,
                        15.659745
                    ],
                    [
                        107.678472,
                        15.65975
                    ],
                    [
                        107.678359,
                        15.659703
                    ],
                    [
                        107.678257,
                        15.659626
                    ],
                    [
                        107.678171,
                        15.659445
                    ],
                    [
                        107.678075,
                        15.659115
                    ],
                    [
                        107.677898,
                        15.658236
                    ],
                    [
                        107.677844,
                        15.657844
                    ],
                    [
                        107.677764,
                        15.657679
                    ],
                    [
                        107.677619,
                        15.65757
                    ],
                    [
                        107.677396,
                        15.657497
                    ],
                    [
                        107.67705,
                        15.657446
                    ],
                    [
                        107.676911,
                        15.657472
                    ],
                    [
                        107.676686,
                        15.657575
                    ],
                    [
                        107.676466,
                        15.657797
                    ],
                    [
                        107.676294,
                        15.657927
                    ],
                    [
                        107.67609,
                        15.657973
                    ],
                    [
                        107.675908,
                        15.657968
                    ],
                    [
                        107.675731,
                        15.657921
                    ],
                    [
                        107.67558,
                        15.657865
                    ],
                    [
                        107.675226,
                        15.657618
                    ],
                    [
                        107.674443,
                        15.657048
                    ],
                    [
                        107.674148,
                        15.656506
                    ],
                    [
                        107.674057,
                        15.65633
                    ],
                    [
                        107.674009,
                        15.65617
                    ],
                    [
                        107.673966,
                        15.655912
                    ],
                    [
                        107.673944,
                        15.655323
                    ],
                    [
                        107.673917,
                        15.655111
                    ],
                    [
                        107.673775,
                        15.654911
                    ],
                    [
                        107.673617,
                        15.65477
                    ],
                    [
                        107.673456,
                        15.654688
                    ],
                    [
                        107.673038,
                        15.654564
                    ],
                    [
                        107.67249,
                        15.654538
                    ],
                    [
                        107.672131,
                        15.654548
                    ],
                    [
                        107.671986,
                        15.654481
                    ],
                    [
                        107.671884,
                        15.654409
                    ],
                    [
                        107.67168,
                        15.654292
                    ],
                    [
                        107.671565,
                        15.654265
                    ],
                    [
                        107.671385,
                        15.654244
                    ],
                    [
                        107.671163,
                        15.65422
                    ],
                    [
                        107.670994,
                        15.65422
                    ],
                    [
                        107.670916,
                        15.65421
                    ],
                    [
                        107.670862,
                        15.6542
                    ],
                    [
                        107.670742,
                        15.65412
                    ],
                    [
                        107.670669,
                        15.654009
                    ],
                    [
                        107.670659,
                        15.653931
                    ],
                    [
                        107.670656,
                        15.653732
                    ],
                    [
                        107.670667,
                        15.65366
                    ],
                    [
                        107.670723,
                        15.653472
                    ],
                    [
                        107.670795,
                        15.65328
                    ],
                    [
                        107.670817,
                        15.65315
                    ],
                    [
                        107.67081,
                        15.653028
                    ],
                    [
                        107.670792,
                        15.652949
                    ],
                    [
                        107.670768,
                        15.652842
                    ],
                    [
                        107.670741,
                        15.652779
                    ],
                    [
                        107.670669,
                        15.65268
                    ],
                    [
                        107.670592,
                        15.652614
                    ],
                    [
                        107.670538,
                        15.652583
                    ],
                    [
                        107.670386,
                        15.652544
                    ],
                    [
                        107.670228,
                        15.652552
                    ],
                    [
                        107.670087,
                        15.65257
                    ],
                    [
                        107.669968,
                        15.652594
                    ],
                    [
                        107.669787,
                        15.652658
                    ],
                    [
                        107.669669,
                        15.652729
                    ],
                    [
                        107.669573,
                        15.652808
                    ],
                    [
                        107.669521,
                        15.652906
                    ],
                    [
                        107.669482,
                        15.653013
                    ],
                    [
                        107.669466,
                        15.653202
                    ],
                    [
                        107.669396,
                        15.65363
                    ],
                    [
                        107.669297,
                        15.654042
                    ],
                    [
                        107.669238,
                        15.654133
                    ],
                    [
                        107.669159,
                        15.654187
                    ],
                    [
                        107.668912,
                        15.654238
                    ],
                    [
                        107.668682,
                        15.654259
                    ],
                    [
                        107.668485,
                        15.6543
                    ],
                    [
                        107.668386,
                        15.654364
                    ],
                    [
                        107.668328,
                        15.65445
                    ],
                    [
                        107.668242,
                        15.654631
                    ],
                    [
                        107.668232,
                        15.654741
                    ],
                    [
                        107.668251,
                        15.654873
                    ],
                    [
                        107.668351,
                        15.655212
                    ],
                    [
                        107.668456,
                        15.655543
                    ],
                    [
                        107.668628,
                        15.656155
                    ],
                    [
                        107.668623,
                        15.656423
                    ],
                    [
                        107.668558,
                        15.656769
                    ],
                    [
                        107.668601,
                        15.657033
                    ],
                    [
                        107.668735,
                        15.657441
                    ],
                    [
                        107.668837,
                        15.658115
                    ],
                    [
                        107.668877,
                        15.658309
                    ],
                    [
                        107.66892,
                        15.658466
                    ],
                    [
                        107.668937,
                        15.658717
                    ],
                    [
                        107.668912,
                        15.658962
                    ],
                    [
                        107.668821,
                        15.659324
                    ],
                    [
                        107.668766,
                        15.659551
                    ],
                    [
                        107.668749,
                        15.659643
                    ],
                    [
                        107.668714,
                        15.659749
                    ],
                    [
                        107.668645,
                        15.659888
                    ],
                    [
                        107.668579,
                        15.660002
                    ],
                    [
                        107.668522,
                        15.660079
                    ],
                    [
                        107.668446,
                        15.660142
                    ],
                    [
                        107.668397,
                        15.660157
                    ],
                    [
                        107.668342,
                        15.660159
                    ],
                    [
                        107.668302,
                        15.660151
                    ],
                    [
                        107.668263,
                        15.660135
                    ],
                    [
                        107.668186,
                        15.660091
                    ],
                    [
                        107.668024,
                        15.659971
                    ],
                    [
                        107.66789,
                        15.659881
                    ],
                    [
                        107.667764,
                        15.659816
                    ],
                    [
                        107.667611,
                        15.65975
                    ],
                    [
                        107.667492,
                        15.659718
                    ],
                    [
                        107.667356,
                        15.659688
                    ],
                    [
                        107.667185,
                        15.659688
                    ],
                    [
                        107.666677,
                        15.659713
                    ],
                    [
                        107.666224,
                        15.659745
                    ],
                    [
                        107.666,
                        15.659776
                    ],
                    [
                        107.665678,
                        15.660018
                    ],
                    [
                        107.665436,
                        15.660158
                    ],
                    [
                        107.665141,
                        15.660261
                    ],
                    [
                        107.664879,
                        15.660376
                    ],
                    [
                        107.664669,
                        15.660545
                    ],
                    [
                        107.664492,
                        15.660726
                    ],
                    [
                        107.664288,
                        15.660871
                    ],
                    [
                        107.664031,
                        15.661036
                    ],
                    [
                        107.663704,
                        15.661181
                    ],
                    [
                        107.663516,
                        15.661232
                    ],
                    [
                        107.663253,
                        15.661274
                    ],
                    [
                        107.662518,
                        15.661365
                    ],
                    [
                        107.661944,
                        15.661445
                    ],
                    [
                        107.661372,
                        15.661513
                    ],
                    [
                        107.661332,
                        15.661526
                    ],
                    [
                        107.661292,
                        15.66154
                    ],
                    [
                        107.661258,
                        15.661562
                    ],
                    [
                        107.661233,
                        15.661582
                    ],
                    [
                        107.661186,
                        15.661634
                    ],
                    [
                        107.661164,
                        15.661672
                    ],
                    [
                        107.661141,
                        15.661718
                    ],
                    [
                        107.661072,
                        15.661991
                    ],
                    [
                        107.660979,
                        15.662365
                    ],
                    [
                        107.660917,
                        15.662742
                    ],
                    [
                        107.660775,
                        15.663185
                    ],
                    [
                        107.660416,
                        15.663878
                    ],
                    [
                        107.660239,
                        15.664115
                    ],
                    [
                        107.660178,
                        15.664164
                    ],
                    [
                        107.66008,
                        15.66423
                    ],
                    [
                        107.659922,
                        15.664326
                    ],
                    [
                        107.659833,
                        15.664398
                    ],
                    [
                        107.659751,
                        15.664471
                    ],
                    [
                        107.659697,
                        15.664546
                    ],
                    [
                        107.659659,
                        15.664631
                    ],
                    [
                        107.659611,
                        15.664761
                    ],
                    [
                        107.659577,
                        15.664908
                    ],
                    [
                        107.659468,
                        15.665288
                    ],
                    [
                        107.659445,
                        15.665351
                    ],
                    [
                        107.659426,
                        15.665397
                    ],
                    [
                        107.659399,
                        15.665437
                    ],
                    [
                        107.659379,
                        15.665453
                    ],
                    [
                        107.659348,
                        15.665469
                    ],
                    [
                        107.659326,
                        15.665477
                    ],
                    [
                        107.659286,
                        15.665489
                    ],
                    [
                        107.659246,
                        15.665494
                    ],
                    [
                        107.658731,
                        15.665478
                    ],
                    [
                        107.658431,
                        15.665501
                    ],
                    [
                        107.658186,
                        15.665586
                    ],
                    [
                        107.657973,
                        15.665721
                    ],
                    [
                        107.657851,
                        15.665825
                    ],
                    [
                        107.657788,
                        15.665899
                    ],
                    [
                        107.657731,
                        15.665989
                    ],
                    [
                        107.657638,
                        15.666169
                    ],
                    [
                        107.657455,
                        15.666543
                    ],
                    [
                        107.657119,
                        15.667086
                    ],
                    [
                        107.657079,
                        15.667164
                    ],
                    [
                        107.656803,
                        15.667686
                    ],
                    [
                        107.656401,
                        15.668473
                    ],
                    [
                        107.656192,
                        15.668861
                    ],
                    [
                        107.656136,
                        15.668955
                    ],
                    [
                        107.656074,
                        15.669045
                    ],
                    [
                        107.656008,
                        15.669131
                    ],
                    [
                        107.655935,
                        15.669216
                    ],
                    [
                        107.655781,
                        15.669375
                    ],
                    [
                        107.655719,
                        15.669469
                    ],
                    [
                        107.655641,
                        15.669538
                    ],
                    [
                        107.655576,
                        15.669605
                    ],
                    [
                        107.655421,
                        15.669717
                    ],
                    [
                        107.655383,
                        15.669754
                    ],
                    [
                        107.655301,
                        15.669805
                    ],
                    [
                        107.655225,
                        15.66988
                    ],
                    [
                        107.655086,
                        15.670069
                    ],
                    [
                        107.655032,
                        15.67018
                    ],
                    [
                        107.655006,
                        15.670278
                    ],
                    [
                        107.654955,
                        15.670375
                    ],
                    [
                        107.654921,
                        15.670499
                    ],
                    [
                        107.654879,
                        15.670604
                    ],
                    [
                        107.654813,
                        15.670727
                    ],
                    [
                        107.654769,
                        15.670825
                    ],
                    [
                        107.654717,
                        15.670903
                    ],
                    [
                        107.654654,
                        15.670981
                    ],
                    [
                        107.6546,
                        15.671073
                    ],
                    [
                        107.654518,
                        15.671173
                    ],
                    [
                        107.654399,
                        15.671338
                    ],
                    [
                        107.654347,
                        15.671432
                    ],
                    [
                        107.654317,
                        15.671512
                    ],
                    [
                        107.654273,
                        15.6716
                    ],
                    [
                        107.65423,
                        15.671702
                    ],
                    [
                        107.654195,
                        15.671808
                    ],
                    [
                        107.654136,
                        15.671966
                    ],
                    [
                        107.654085,
                        15.672115
                    ],
                    [
                        107.653987,
                        15.672301
                    ],
                    [
                        107.653952,
                        15.672367
                    ],
                    [
                        107.653877,
                        15.672454
                    ],
                    [
                        107.65383,
                        15.672545
                    ],
                    [
                        107.653601,
                        15.672817
                    ],
                    [
                        107.653527,
                        15.67291
                    ],
                    [
                        107.653479,
                        15.673006
                    ],
                    [
                        107.653454,
                        15.673108
                    ],
                    [
                        107.653461,
                        15.673155
                    ],
                    [
                        107.653472,
                        15.673232
                    ],
                    [
                        107.653488,
                        15.673303
                    ],
                    [
                        107.6535,
                        15.673426
                    ],
                    [
                        107.653552,
                        15.673708
                    ],
                    [
                        107.653553,
                        15.673802
                    ],
                    [
                        107.653566,
                        15.673902
                    ],
                    [
                        107.653559,
                        15.674046
                    ],
                    [
                        107.653543,
                        15.674196
                    ],
                    [
                        107.653533,
                        15.67432
                    ],
                    [
                        107.653521,
                        15.674427
                    ],
                    [
                        107.653503,
                        15.67457
                    ],
                    [
                        107.653489,
                        15.674695
                    ],
                    [
                        107.653475,
                        15.674812
                    ],
                    [
                        107.653441,
                        15.675097
                    ],
                    [
                        107.653408,
                        15.675381
                    ],
                    [
                        107.653349,
                        15.675938
                    ],
                    [
                        107.653319,
                        15.676271
                    ],
                    [
                        107.653315,
                        15.676391
                    ],
                    [
                        107.653306,
                        15.676504
                    ],
                    [
                        107.6533,
                        15.676549
                    ],
                    [
                        107.653287,
                        15.676592
                    ],
                    [
                        107.653263,
                        15.676643
                    ],
                    [
                        107.653225,
                        15.676694
                    ],
                    [
                        107.653177,
                        15.676734
                    ],
                    [
                        107.653098,
                        15.676768
                    ],
                    [
                        107.653009,
                        15.676781
                    ],
                    [
                        107.652801,
                        15.676787
                    ],
                    [
                        107.652582,
                        15.676798
                    ],
                    [
                        107.65249,
                        15.676801
                    ],
                    [
                        107.65241,
                        15.676797
                    ],
                    [
                        107.65234,
                        15.676784
                    ],
                    [
                        107.652275,
                        15.676766
                    ],
                    [
                        107.652213,
                        15.676738
                    ],
                    [
                        107.652161,
                        15.67669
                    ],
                    [
                        107.652126,
                        15.676625
                    ],
                    [
                        107.652107,
                        15.676548
                    ],
                    [
                        107.652087,
                        15.676374
                    ],
                    [
                        107.65207,
                        15.676062
                    ],
                    [
                        107.652058,
                        15.675949
                    ],
                    [
                        107.652031,
                        15.675836
                    ],
                    [
                        107.651987,
                        15.675727
                    ],
                    [
                        107.651788,
                        15.675306
                    ],
                    [
                        107.651742,
                        15.675216
                    ],
                    [
                        107.651693,
                        15.675136
                    ],
                    [
                        107.651636,
                        15.675065
                    ],
                    [
                        107.651571,
                        15.675006
                    ],
                    [
                        107.651444,
                        15.674905
                    ],
                    [
                        107.651399,
                        15.674845
                    ],
                    [
                        107.65137,
                        15.674776
                    ],
                    [
                        107.651357,
                        15.674701
                    ],
                    [
                        107.651359,
                        15.674623
                    ],
                    [
                        107.65138,
                        15.674546
                    ],
                    [
                        107.651422,
                        15.674476
                    ],
                    [
                        107.651486,
                        15.674415
                    ],
                    [
                        107.651571,
                        15.674368
                    ],
                    [
                        107.651857,
                        15.67425
                    ],
                    [
                        107.651945,
                        15.674202
                    ],
                    [
                        107.652017,
                        15.674136
                    ],
                    [
                        107.652067,
                        15.674055
                    ],
                    [
                        107.6521,
                        15.673964
                    ],
                    [
                        107.652124,
                        15.673868
                    ],
                    [
                        107.652153,
                        15.673665
                    ],
                    [
                        107.652146,
                        15.673572
                    ],
                    [
                        107.652131,
                        15.673436
                    ],
                    [
                        107.652107,
                        15.673338
                    ],
                    [
                        107.652014,
                        15.673116
                    ],
                    [
                        107.65195,
                        15.673009
                    ],
                    [
                        107.651877,
                        15.672909
                    ],
                    [
                        107.651726,
                        15.672719
                    ],
                    [
                        107.651656,
                        15.672623
                    ],
                    [
                        107.651594,
                        15.672525
                    ],
                    [
                        107.651542,
                        15.672422
                    ],
                    [
                        107.651499,
                        15.672313
                    ],
                    [
                        107.651389,
                        15.671966
                    ],
                    [
                        107.65135,
                        15.671855
                    ],
                    [
                        107.651307,
                        15.671752
                    ],
                    [
                        107.651258,
                        15.671661
                    ],
                    [
                        107.651197,
                        15.671583
                    ],
                    [
                        107.651116,
                        15.671516
                    ],
                    [
                        107.651017,
                        15.671462
                    ],
                    [
                        107.650903,
                        15.671425
                    ],
                    [
                        107.650781,
                        15.671406
                    ],
                    [
                        107.650656,
                        15.671396
                    ],
                    [
                        107.650416,
                        15.671384
                    ],
                    [
                        107.650259,
                        15.671371
                    ],
                    [
                        107.650158,
                        15.671351
                    ],
                    [
                        107.650078,
                        15.671307
                    ],
                    [
                        107.650016,
                        15.671243
                    ],
                    [
                        107.649973,
                        15.671157
                    ],
                    [
                        107.649962,
                        15.671047
                    ],
                    [
                        107.649941,
                        15.670929
                    ],
                    [
                        107.649872,
                        15.670447
                    ],
                    [
                        107.64985,
                        15.670343
                    ],
                    [
                        107.649817,
                        15.670248
                    ],
                    [
                        107.649737,
                        15.670127
                    ],
                    [
                        107.649606,
                        15.670026
                    ],
                    [
                        107.649515,
                        15.669974
                    ],
                    [
                        107.649421,
                        15.66993
                    ],
                    [
                        107.649346,
                        15.669907
                    ],
                    [
                        107.649139,
                        15.66985
                    ],
                    [
                        107.649056,
                        15.669832
                    ],
                    [
                        107.648978,
                        15.669836
                    ],
                    [
                        107.648898,
                        15.669844
                    ],
                    [
                        107.648798,
                        15.669879
                    ],
                    [
                        107.648707,
                        15.669928
                    ],
                    [
                        107.648629,
                        15.669959
                    ],
                    [
                        107.648479,
                        15.670049
                    ],
                    [
                        107.64841,
                        15.670098
                    ],
                    [
                        107.64835,
                        15.670135
                    ],
                    [
                        107.648293,
                        15.670181
                    ],
                    [
                        107.648258,
                        15.670238
                    ],
                    [
                        107.648223,
                        15.670315
                    ],
                    [
                        107.648206,
                        15.670374
                    ],
                    [
                        107.648196,
                        15.670434
                    ],
                    [
                        107.6482,
                        15.670545
                    ],
                    [
                        107.648219,
                        15.670633
                    ],
                    [
                        107.64824,
                        15.670753
                    ],
                    [
                        107.648253,
                        15.67086
                    ],
                    [
                        107.648251,
                        15.670951
                    ],
                    [
                        107.648249,
                        15.671029
                    ],
                    [
                        107.648218,
                        15.671129
                    ],
                    [
                        107.648175,
                        15.671231
                    ],
                    [
                        107.648079,
                        15.671442
                    ],
                    [
                        107.647993,
                        15.671652
                    ],
                    [
                        107.647976,
                        15.671759
                    ],
                    [
                        107.647972,
                        15.671868
                    ],
                    [
                        107.64797,
                        15.672098
                    ],
                    [
                        107.64798,
                        15.673014
                    ],
                    [
                        107.648004,
                        15.673534
                    ],
                    [
                        107.648007,
                        15.673654
                    ],
                    [
                        107.648006,
                        15.673772
                    ],
                    [
                        107.647998,
                        15.673887
                    ],
                    [
                        107.64797,
                        15.673997
                    ],
                    [
                        107.64793,
                        15.674103
                    ],
                    [
                        107.647878,
                        15.674205
                    ],
                    [
                        107.647699,
                        15.674493
                    ],
                    [
                        107.647587,
                        15.674684
                    ],
                    [
                        107.647548,
                        15.674786
                    ],
                    [
                        107.647524,
                        15.674892
                    ],
                    [
                        107.647518,
                        15.674994
                    ],
                    [
                        107.6475,
                        15.675204
                    ],
                    [
                        107.647478,
                        15.675408
                    ],
                    [
                        107.64746,
                        15.675504
                    ],
                    [
                        107.647433,
                        15.675593
                    ],
                    [
                        107.647396,
                        15.675675
                    ],
                    [
                        107.647301,
                        15.675821
                    ],
                    [
                        107.647246,
                        15.675882
                    ],
                    [
                        107.647189,
                        15.675933
                    ],
                    [
                        107.647131,
                        15.675963
                    ],
                    [
                        107.647066,
                        15.675979
                    ],
                    [
                        107.646994,
                        15.67597
                    ],
                    [
                        107.646927,
                        15.675936
                    ],
                    [
                        107.646859,
                        15.675885
                    ],
                    [
                        107.64646,
                        15.675458
                    ],
                    [
                        107.646376,
                        15.675359
                    ],
                    [
                        107.646198,
                        15.675179
                    ],
                    [
                        107.646111,
                        15.675098
                    ],
                    [
                        107.646022,
                        15.675025
                    ],
                    [
                        107.645928,
                        15.674962
                    ],
                    [
                        107.645825,
                        15.674913
                    ],
                    [
                        107.645602,
                        15.674841
                    ],
                    [
                        107.645498,
                        15.674822
                    ],
                    [
                        107.645408,
                        15.674801
                    ],
                    [
                        107.645231,
                        15.674755
                    ],
                    [
                        107.64514,
                        15.674727
                    ],
                    [
                        107.645051,
                        15.674686
                    ],
                    [
                        107.644971,
                        15.674629
                    ],
                    [
                        107.644906,
                        15.674553
                    ],
                    [
                        107.644851,
                        15.674463
                    ],
                    [
                        107.644801,
                        15.674365
                    ],
                    [
                        107.644752,
                        15.674261
                    ],
                    [
                        107.644708,
                        15.674153
                    ],
                    [
                        107.64462,
                        15.673931
                    ],
                    [
                        107.644527,
                        15.673704
                    ],
                    [
                        107.644477,
                        15.673594
                    ],
                    [
                        107.64442,
                        15.67349
                    ],
                    [
                        107.644356,
                        15.673396
                    ],
                    [
                        107.644288,
                        15.67332
                    ],
                    [
                        107.644221,
                        15.673249
                    ],
                    [
                        107.644076,
                        15.673113
                    ],
                    [
                        107.644,
                        15.673046
                    ],
                    [
                        107.643922,
                        15.672989
                    ],
                    [
                        107.643841,
                        15.672954
                    ],
                    [
                        107.643757,
                        15.672943
                    ],
                    [
                        107.643672,
                        15.672952
                    ],
                    [
                        107.643586,
                        15.672975
                    ],
                    [
                        107.643398,
                        15.673035
                    ],
                    [
                        107.642947,
                        15.673193
                    ],
                    [
                        107.642829,
                        15.673231
                    ],
                    [
                        107.642712,
                        15.673259
                    ],
                    [
                        107.642592,
                        15.673272
                    ],
                    [
                        107.64247,
                        15.673268
                    ],
                    [
                        107.642346,
                        15.67325
                    ],
                    [
                        107.642222,
                        15.673221
                    ],
                    [
                        107.641976,
                        15.673155
                    ],
                    [
                        107.641858,
                        15.67313
                    ],
                    [
                        107.641748,
                        15.673122
                    ],
                    [
                        107.641652,
                        15.673138
                    ],
                    [
                        107.64152,
                        15.673191
                    ],
                    [
                        107.641455,
                        15.67327
                    ],
                    [
                        107.641426,
                        15.673351
                    ],
                    [
                        107.64141,
                        15.673449
                    ],
                    [
                        107.641399,
                        15.673527
                    ],
                    [
                        107.641379,
                        15.673602
                    ],
                    [
                        107.64134,
                        15.67367
                    ],
                    [
                        107.641225,
                        15.673776
                    ],
                    [
                        107.641158,
                        15.673786
                    ],
                    [
                        107.641082,
                        15.673766
                    ],
                    [
                        107.641031,
                        15.673705
                    ],
                    [
                        107.64081,
                        15.673288
                    ],
                    [
                        107.640769,
                        15.673189
                    ],
                    [
                        107.640692,
                        15.672983
                    ],
                    [
                        107.640507,
                        15.672561
                    ],
                    [
                        107.640465,
                        15.672448
                    ],
                    [
                        107.640437,
                        15.672332
                    ],
                    [
                        107.640413,
                        15.672214
                    ],
                    [
                        107.640372,
                        15.671984
                    ],
                    [
                        107.640289,
                        15.671563
                    ],
                    [
                        107.640278,
                        15.671467
                    ],
                    [
                        107.640283,
                        15.671376
                    ],
                    [
                        107.640305,
                        15.671289
                    ],
                    [
                        107.64034,
                        15.671207
                    ],
                    [
                        107.640426,
                        15.67105
                    ],
                    [
                        107.640464,
                        15.67097
                    ],
                    [
                        107.640489,
                        15.670884
                    ],
                    [
                        107.640496,
                        15.670794
                    ],
                    [
                        107.64049,
                        15.670701
                    ],
                    [
                        107.640476,
                        15.670604
                    ],
                    [
                        107.640399,
                        15.670165
                    ],
                    [
                        107.640346,
                        15.669923
                    ],
                    [
                        107.640312,
                        15.669798
                    ],
                    [
                        107.640271,
                        15.669674
                    ],
                    [
                        107.640227,
                        15.669554
                    ],
                    [
                        107.640127,
                        15.669321
                    ],
                    [
                        107.640081,
                        15.669202
                    ],
                    [
                        107.639999,
                        15.668961
                    ],
                    [
                        107.639804,
                        15.668321
                    ],
                    [
                        107.639751,
                        15.668123
                    ],
                    [
                        107.639722,
                        15.668029
                    ],
                    [
                        107.639686,
                        15.66794
                    ],
                    [
                        107.639639,
                        15.667858
                    ],
                    [
                        107.639523,
                        15.667704
                    ],
                    [
                        107.63945,
                        15.667647
                    ],
                    [
                        107.639345,
                        15.667588
                    ],
                    [
                        107.63921,
                        15.667532
                    ],
                    [
                        107.639028,
                        15.66752
                    ],
                    [
                        107.638715,
                        15.667567
                    ],
                    [
                        107.638384,
                        15.667628
                    ],
                    [
                        107.638281,
                        15.667668
                    ],
                    [
                        107.638098,
                        15.667783
                    ],
                    [
                        107.638019,
                        15.667855
                    ],
                    [
                        107.637953,
                        15.66794
                    ],
                    [
                        107.637917,
                        15.668042
                    ],
                    [
                        107.637815,
                        15.668363
                    ],
                    [
                        107.63774,
                        15.668587
                    ],
                    [
                        107.637656,
                        15.668814
                    ],
                    [
                        107.637565,
                        15.669044
                    ],
                    [
                        107.637469,
                        15.669265
                    ],
                    [
                        107.63737,
                        15.669452
                    ],
                    [
                        107.63728,
                        15.669551
                    ],
                    [
                        107.637202,
                        15.669584
                    ],
                    [
                        107.637114,
                        15.669593
                    ],
                    [
                        107.637022,
                        15.669563
                    ],
                    [
                        107.636964,
                        15.669508
                    ],
                    [
                        107.636927,
                        15.669434
                    ],
                    [
                        107.636905,
                        15.669348
                    ],
                    [
                        107.636891,
                        15.669254
                    ],
                    [
                        107.636869,
                        15.669048
                    ],
                    [
                        107.636854,
                        15.66894
                    ],
                    [
                        107.636816,
                        15.668721
                    ],
                    [
                        107.636777,
                        15.66857
                    ],
                    [
                        107.636708,
                        15.668437
                    ],
                    [
                        107.636543,
                        15.668297
                    ],
                    [
                        107.636351,
                        15.668193
                    ],
                    [
                        107.636256,
                        15.668138
                    ],
                    [
                        107.636166,
                        15.66808
                    ],
                    [
                        107.636086,
                        15.668014
                    ],
                    [
                        107.635986,
                        15.667903
                    ],
                    [
                        107.635928,
                        15.667749
                    ],
                    [
                        107.635896,
                        15.667458
                    ],
                    [
                        107.635879,
                        15.667369
                    ],
                    [
                        107.635846,
                        15.66729
                    ],
                    [
                        107.635791,
                        15.667222
                    ],
                    [
                        107.635708,
                        15.667162
                    ],
                    [
                        107.635409,
                        15.667021
                    ],
                    [
                        107.635335,
                        15.666995
                    ],
                    [
                        107.635239,
                        15.666959
                    ],
                    [
                        107.635166,
                        15.66692
                    ],
                    [
                        107.635036,
                        15.666862
                    ],
                    [
                        107.634942,
                        15.666835
                    ],
                    [
                        107.634848,
                        15.666836
                    ],
                    [
                        107.634746,
                        15.666848
                    ],
                    [
                        107.634631,
                        15.666896
                    ],
                    [
                        107.634481,
                        15.66698
                    ],
                    [
                        107.634411,
                        15.667019
                    ],
                    [
                        107.634336,
                        15.667048
                    ],
                    [
                        107.634254,
                        15.667037
                    ],
                    [
                        107.634202,
                        15.666995
                    ],
                    [
                        107.634172,
                        15.666927
                    ],
                    [
                        107.634171,
                        15.666851
                    ],
                    [
                        107.634183,
                        15.666768
                    ],
                    [
                        107.634234,
                        15.666481
                    ],
                    [
                        107.634296,
                        15.666156
                    ],
                    [
                        107.63431,
                        15.666048
                    ],
                    [
                        107.634311,
                        15.665939
                    ],
                    [
                        107.6343,
                        15.66583
                    ],
                    [
                        107.63428,
                        15.665722
                    ],
                    [
                        107.634205,
                        15.665404
                    ],
                    [
                        107.634184,
                        15.665301
                    ],
                    [
                        107.634174,
                        15.665199
                    ],
                    [
                        107.634183,
                        15.665096
                    ],
                    [
                        107.634209,
                        15.664994
                    ],
                    [
                        107.634248,
                        15.664893
                    ],
                    [
                        107.634296,
                        15.664792
                    ],
                    [
                        107.634461,
                        15.664483
                    ],
                    [
                        107.634513,
                        15.66438
                    ],
                    [
                        107.634558,
                        15.664279
                    ],
                    [
                        107.634592,
                        15.66418
                    ],
                    [
                        107.634614,
                        15.664084
                    ],
                    [
                        107.634623,
                        15.66399
                    ],
                    [
                        107.634614,
                        15.663896
                    ],
                    [
                        107.634583,
                        15.663801
                    ],
                    [
                        107.634533,
                        15.663707
                    ],
                    [
                        107.634405,
                        15.663525
                    ],
                    [
                        107.634337,
                        15.663439
                    ],
                    [
                        107.634257,
                        15.663367
                    ],
                    [
                        107.634171,
                        15.663299
                    ],
                    [
                        107.634084,
                        15.663236
                    ],
                    [
                        107.634002,
                        15.663171
                    ],
                    [
                        107.633929,
                        15.663104
                    ],
                    [
                        107.633874,
                        15.663032
                    ],
                    [
                        107.633843,
                        15.66295
                    ],
                    [
                        107.63384,
                        15.662861
                    ],
                    [
                        107.633857,
                        15.662769
                    ],
                    [
                        107.633882,
                        15.662674
                    ],
                    [
                        107.633913,
                        15.66258
                    ],
                    [
                        107.63398,
                        15.662394
                    ],
                    [
                        107.634005,
                        15.662301
                    ],
                    [
                        107.634013,
                        15.662206
                    ],
                    [
                        107.634002,
                        15.662113
                    ],
                    [
                        107.63398,
                        15.662023
                    ],
                    [
                        107.633955,
                        15.661932
                    ],
                    [
                        107.633893,
                        15.661749
                    ],
                    [
                        107.633819,
                        15.661577
                    ],
                    [
                        107.633777,
                        15.661501
                    ],
                    [
                        107.633729,
                        15.661439
                    ],
                    [
                        107.633668,
                        15.661395
                    ],
                    [
                        107.633597,
                        15.661375
                    ],
                    [
                        107.633521,
                        15.661379
                    ],
                    [
                        107.633435,
                        15.661394
                    ],
                    [
                        107.633299,
                        15.661475
                    ],
                    [
                        107.633238,
                        15.66154
                    ],
                    [
                        107.633051,
                        15.661781
                    ],
                    [
                        107.632904,
                        15.66194
                    ],
                    [
                        107.632821,
                        15.662007
                    ],
                    [
                        107.63263,
                        15.662129
                    ],
                    [
                        107.632531,
                        15.662199
                    ],
                    [
                        107.632439,
                        15.662278
                    ],
                    [
                        107.632184,
                        15.662537
                    ],
                    [
                        107.63209,
                        15.662609
                    ],
                    [
                        107.631992,
                        15.662672
                    ],
                    [
                        107.631896,
                        15.662724
                    ],
                    [
                        107.631731,
                        15.662805
                    ],
                    [
                        107.631661,
                        15.662845
                    ],
                    [
                        107.631599,
                        15.662895
                    ],
                    [
                        107.63155,
                        15.662959
                    ],
                    [
                        107.631507,
                        15.663035
                    ],
                    [
                        107.631472,
                        15.663123
                    ],
                    [
                        107.631443,
                        15.663218
                    ],
                    [
                        107.631389,
                        15.663424
                    ],
                    [
                        107.631287,
                        15.663847
                    ],
                    [
                        107.631259,
                        15.663941
                    ],
                    [
                        107.63123,
                        15.664029
                    ],
                    [
                        107.631194,
                        15.66411
                    ],
                    [
                        107.631108,
                        15.664251
                    ],
                    [
                        107.631051,
                        15.6643
                    ],
                    [
                        107.630988,
                        15.664336
                    ],
                    [
                        107.630919,
                        15.664359
                    ],
                    [
                        107.630846,
                        15.664369
                    ],
                    [
                        107.630547,
                        15.66437
                    ],
                    [
                        107.630471,
                        15.664373
                    ],
                    [
                        107.630318,
                        15.664383
                    ],
                    [
                        107.630073,
                        15.66441
                    ],
                    [
                        107.629886,
                        15.664437
                    ],
                    [
                        107.629786,
                        15.664454
                    ],
                    [
                        107.629253,
                        15.664555
                    ],
                    [
                        107.629159,
                        15.664571
                    ],
                    [
                        107.62907,
                        15.664577
                    ],
                    [
                        107.628945,
                        15.66457
                    ],
                    [
                        107.628864,
                        15.66453
                    ],
                    [
                        107.628787,
                        15.664461
                    ],
                    [
                        107.628693,
                        15.664296
                    ],
                    [
                        107.628597,
                        15.66412
                    ],
                    [
                        107.628544,
                        15.66403
                    ],
                    [
                        107.628446,
                        15.663855
                    ],
                    [
                        107.628367,
                        15.663765
                    ],
                    [
                        107.62827,
                        15.663718
                    ],
                    [
                        107.628101,
                        15.663686
                    ],
                    [
                        107.628005,
                        15.663681
                    ],
                    [
                        107.627719,
                        15.663694
                    ],
                    [
                        107.627466,
                        15.663699
                    ],
                    [
                        107.627402,
                        15.663675
                    ],
                    [
                        107.627349,
                        15.663633
                    ],
                    [
                        107.627313,
                        15.663575
                    ],
                    [
                        107.627298,
                        15.663504
                    ],
                    [
                        107.6273,
                        15.663424
                    ],
                    [
                        107.627314,
                        15.66334
                    ],
                    [
                        107.627341,
                        15.663251
                    ],
                    [
                        107.627407,
                        15.663069
                    ],
                    [
                        107.627454,
                        15.662985
                    ],
                    [
                        107.627574,
                        15.662833
                    ],
                    [
                        107.627644,
                        15.662764
                    ],
                    [
                        107.62771,
                        15.662712
                    ],
                    [
                        107.627824,
                        15.662635
                    ],
                    [
                        107.627866,
                        15.6626
                    ],
                    [
                        107.627921,
                        15.662543
                    ],
                    [
                        107.627958,
                        15.662493
                    ],
                    [
                        107.627982,
                        15.662431
                    ],
                    [
                        107.627989,
                        15.662366
                    ],
                    [
                        107.627974,
                        15.662282
                    ],
                    [
                        107.627952,
                        15.662235
                    ],
                    [
                        107.627884,
                        15.662114
                    ],
                    [
                        107.627826,
                        15.662046
                    ],
                    [
                        107.627771,
                        15.661983
                    ],
                    [
                        107.627714,
                        15.661923
                    ],
                    [
                        107.627627,
                        15.66186
                    ],
                    [
                        107.627518,
                        15.661776
                    ],
                    [
                        107.627306,
                        15.661635
                    ],
                    [
                        107.627237,
                        15.661554
                    ],
                    [
                        107.627196,
                        15.661501
                    ],
                    [
                        107.627176,
                        15.661373
                    ],
                    [
                        107.62719,
                        15.6613
                    ],
                    [
                        107.627198,
                        15.66121
                    ],
                    [
                        107.627221,
                        15.661022
                    ],
                    [
                        107.627256,
                        15.66082
                    ],
                    [
                        107.627268,
                        15.660724
                    ],
                    [
                        107.627267,
                        15.660612
                    ],
                    [
                        107.627248,
                        15.660543
                    ],
                    [
                        107.627214,
                        15.660476
                    ],
                    [
                        107.627184,
                        15.660435
                    ],
                    [
                        107.627134,
                        15.66039
                    ],
                    [
                        107.627076,
                        15.660357
                    ],
                    [
                        107.627007,
                        15.660339
                    ],
                    [
                        107.626931,
                        15.660335
                    ],
                    [
                        107.62685,
                        15.660352
                    ],
                    [
                        107.626796,
                        15.660389
                    ],
                    [
                        107.626734,
                        15.660447
                    ],
                    [
                        107.62668,
                        15.660536
                    ],
                    [
                        107.626533,
                        15.661046
                    ],
                    [
                        107.626496,
                        15.661131
                    ],
                    [
                        107.626454,
                        15.661211
                    ],
                    [
                        107.626401,
                        15.66128
                    ],
                    [
                        107.626334,
                        15.661336
                    ],
                    [
                        107.626255,
                        15.661378
                    ],
                    [
                        107.62617,
                        15.661406
                    ],
                    [
                        107.626085,
                        15.661421
                    ],
                    [
                        107.62592,
                        15.66142
                    ],
                    [
                        107.62585,
                        15.661388
                    ],
                    [
                        107.625799,
                        15.661346
                    ],
                    [
                        107.625765,
                        15.661298
                    ],
                    [
                        107.625746,
                        15.661245
                    ],
                    [
                        107.62574,
                        15.66119
                    ],
                    [
                        107.625743,
                        15.661132
                    ],
                    [
                        107.625764,
                        15.660948
                    ],
                    [
                        107.625796,
                        15.660624
                    ],
                    [
                        107.625796,
                        15.660498
                    ],
                    [
                        107.625761,
                        15.660381
                    ],
                    [
                        107.625716,
                        15.660262
                    ],
                    [
                        107.625661,
                        15.660177
                    ],
                    [
                        107.625616,
                        15.660116
                    ],
                    [
                        107.625556,
                        15.660069
                    ],
                    [
                        107.6255,
                        15.660053
                    ],
                    [
                        107.625454,
                        15.660052
                    ],
                    [
                        107.625403,
                        15.66006
                    ],
                    [
                        107.625368,
                        15.660083
                    ],
                    [
                        107.625333,
                        15.660124
                    ],
                    [
                        107.6253,
                        15.660187
                    ],
                    [
                        107.625269,
                        15.660269
                    ],
                    [
                        107.625216,
                        15.660374
                    ],
                    [
                        107.62516,
                        15.660467
                    ],
                    [
                        107.625112,
                        15.660545
                    ],
                    [
                        107.624984,
                        15.660736
                    ],
                    [
                        107.624899,
                        15.660832
                    ],
                    [
                        107.624848,
                        15.660872
                    ],
                    [
                        107.624787,
                        15.660902
                    ],
                    [
                        107.624716,
                        15.660917
                    ],
                    [
                        107.624551,
                        15.660843
                    ],
                    [
                        107.624406,
                        15.66071
                    ],
                    [
                        107.624338,
                        15.660651
                    ],
                    [
                        107.62427,
                        15.660606
                    ],
                    [
                        107.624128,
                        15.660557
                    ],
                    [
                        107.624054,
                        15.660557
                    ],
                    [
                        107.623989,
                        15.660571
                    ],
                    [
                        107.623931,
                        15.660593
                    ],
                    [
                        107.623743,
                        15.660706
                    ],
                    [
                        107.623616,
                        15.660773
                    ],
                    [
                        107.623471,
                        15.660796
                    ],
                    [
                        107.623397,
                        15.660783
                    ],
                    [
                        107.623327,
                        15.660756
                    ],
                    [
                        107.623267,
                        15.660708
                    ],
                    [
                        107.62322,
                        15.660637
                    ],
                    [
                        107.623128,
                        15.660478
                    ],
                    [
                        107.623088,
                        15.660376
                    ],
                    [
                        107.623091,
                        15.660269
                    ],
                    [
                        107.623138,
                        15.660101
                    ],
                    [
                        107.623227,
                        15.659953
                    ],
                    [
                        107.623271,
                        15.659886
                    ],
                    [
                        107.623305,
                        15.659818
                    ],
                    [
                        107.623341,
                        15.659669
                    ],
                    [
                        107.623335,
                        15.65959
                    ],
                    [
                        107.623302,
                        15.659518
                    ],
                    [
                        107.623258,
                        15.659452
                    ],
                    [
                        107.62321,
                        15.659391
                    ],
                    [
                        107.623167,
                        15.659329
                    ],
                    [
                        107.623146,
                        15.659258
                    ],
                    [
                        107.623158,
                        15.659185
                    ],
                    [
                        107.623247,
                        15.658966
                    ],
                    [
                        107.6233,
                        15.658805
                    ],
                    [
                        107.623299,
                        15.658717
                    ],
                    [
                        107.623283,
                        15.658631
                    ],
                    [
                        107.623244,
                        15.658465
                    ],
                    [
                        107.623228,
                        15.658305
                    ],
                    [
                        107.623241,
                        15.658229
                    ],
                    [
                        107.623289,
                        15.658172
                    ],
                    [
                        107.62335,
                        15.658133
                    ],
                    [
                        107.623536,
                        15.658056
                    ],
                    [
                        107.62358,
                        15.658
                    ],
                    [
                        107.62359,
                        15.657921
                    ],
                    [
                        107.623577,
                        15.657849
                    ],
                    [
                        107.623533,
                        15.657775
                    ],
                    [
                        107.623504,
                        15.657731
                    ],
                    [
                        107.623464,
                        15.657628
                    ],
                    [
                        107.623454,
                        15.657553
                    ],
                    [
                        107.623474,
                        15.657466
                    ],
                    [
                        107.623524,
                        15.657378
                    ],
                    [
                        107.623628,
                        15.657246
                    ],
                    [
                        107.623671,
                        15.657178
                    ],
                    [
                        107.623698,
                        15.657112
                    ],
                    [
                        107.623716,
                        15.65699
                    ],
                    [
                        107.623711,
                        15.656932
                    ],
                    [
                        107.623679,
                        15.656893
                    ],
                    [
                        107.623627,
                        15.656862
                    ],
                    [
                        107.623563,
                        15.656852
                    ],
                    [
                        107.623431,
                        15.656868
                    ],
                    [
                        107.623104,
                        15.656984
                    ],
                    [
                        107.62304,
                        15.657012
                    ],
                    [
                        107.622903,
                        15.65708
                    ],
                    [
                        107.622833,
                        15.657122
                    ],
                    [
                        107.62277,
                        15.657177
                    ],
                    [
                        107.622685,
                        15.657267
                    ],
                    [
                        107.6226,
                        15.657364
                    ],
                    [
                        107.622512,
                        15.65746
                    ],
                    [
                        107.622347,
                        15.657632
                    ],
                    [
                        107.622275,
                        15.657713
                    ],
                    [
                        107.622216,
                        15.657797
                    ],
                    [
                        107.622169,
                        15.65789
                    ],
                    [
                        107.622106,
                        15.658081
                    ],
                    [
                        107.622072,
                        15.658171
                    ],
                    [
                        107.622023,
                        15.658256
                    ],
                    [
                        107.621898,
                        15.658419
                    ],
                    [
                        107.62183,
                        15.658496
                    ],
                    [
                        107.621754,
                        15.658562
                    ],
                    [
                        107.621683,
                        15.658617
                    ],
                    [
                        107.621613,
                        15.658654
                    ],
                    [
                        107.621477,
                        15.658702
                    ],
                    [
                        107.621411,
                        15.658706
                    ],
                    [
                        107.621356,
                        15.658692
                    ],
                    [
                        107.621313,
                        15.658656
                    ],
                    [
                        107.621279,
                        15.658609
                    ],
                    [
                        107.621253,
                        15.658555
                    ],
                    [
                        107.621231,
                        15.658495
                    ],
                    [
                        107.621213,
                        15.65843
                    ],
                    [
                        107.621181,
                        15.658286
                    ],
                    [
                        107.621156,
                        15.65821
                    ],
                    [
                        107.621119,
                        15.658134
                    ],
                    [
                        107.621073,
                        15.658059
                    ],
                    [
                        107.62102,
                        15.657987
                    ],
                    [
                        107.620958,
                        15.657921
                    ],
                    [
                        107.620885,
                        15.657864
                    ],
                    [
                        107.620808,
                        15.657813
                    ],
                    [
                        107.620726,
                        15.65777
                    ],
                    [
                        107.620555,
                        15.657697
                    ],
                    [
                        107.620471,
                        15.657658
                    ],
                    [
                        107.620396,
                        15.657614
                    ],
                    [
                        107.620338,
                        15.657561
                    ],
                    [
                        107.620302,
                        15.657499
                    ],
                    [
                        107.620288,
                        15.657431
                    ],
                    [
                        107.620295,
                        15.657363
                    ],
                    [
                        107.620331,
                        15.657221
                    ],
                    [
                        107.620352,
                        15.657151
                    ],
                    [
                        107.620388,
                        15.657089
                    ],
                    [
                        107.620441,
                        15.657037
                    ],
                    [
                        107.620504,
                        15.657
                    ],
                    [
                        107.620573,
                        15.656983
                    ],
                    [
                        107.620643,
                        15.656991
                    ],
                    [
                        107.620713,
                        15.657015
                    ],
                    [
                        107.620845,
                        15.657071
                    ],
                    [
                        107.620964,
                        15.657107
                    ],
                    [
                        107.621023,
                        15.657113
                    ],
                    [
                        107.621081,
                        15.657103
                    ],
                    [
                        107.621136,
                        15.65708
                    ],
                    [
                        107.621179,
                        15.657031
                    ],
                    [
                        107.621219,
                        15.656975
                    ],
                    [
                        107.621339,
                        15.656783
                    ],
                    [
                        107.621389,
                        15.656725
                    ],
                    [
                        107.621453,
                        15.65668
                    ],
                    [
                        107.621528,
                        15.656657
                    ],
                    [
                        107.621612,
                        15.656646
                    ],
                    [
                        107.621701,
                        15.656648
                    ],
                    [
                        107.622168,
                        15.656692
                    ],
                    [
                        107.622257,
                        15.656688
                    ],
                    [
                        107.622317,
                        15.656656
                    ],
                    [
                        107.622381,
                        15.6566
                    ],
                    [
                        107.622417,
                        15.656525
                    ],
                    [
                        107.622434,
                        15.65644
                    ],
                    [
                        107.622442,
                        15.65635
                    ],
                    [
                        107.62244,
                        15.65626
                    ],
                    [
                        107.622432,
                        15.656165
                    ],
                    [
                        107.622439,
                        15.656045
                    ],
                    [
                        107.622483,
                        15.655882
                    ],
                    [
                        107.622518,
                        15.655701
                    ],
                    [
                        107.622527,
                        15.655611
                    ],
                    [
                        107.62251,
                        15.655518
                    ],
                    [
                        107.622428,
                        15.655399
                    ],
                    [
                        107.622367,
                        15.655348
                    ],
                    [
                        107.622274,
                        15.655268
                    ],
                    [
                        107.622214,
                        15.655176
                    ],
                    [
                        107.622171,
                        15.65507
                    ],
                    [
                        107.622174,
                        15.654967
                    ],
                    [
                        107.622191,
                        15.654867
                    ],
                    [
                        107.622239,
                        15.65479
                    ],
                    [
                        107.622304,
                        15.654708
                    ],
                    [
                        107.622405,
                        15.654627
                    ],
                    [
                        107.622487,
                        15.654554
                    ],
                    [
                        107.622617,
                        15.654473
                    ],
                    [
                        107.622677,
                        15.654406
                    ],
                    [
                        107.622696,
                        15.65436
                    ],
                    [
                        107.622701,
                        15.654304
                    ],
                    [
                        107.622694,
                        15.654243
                    ],
                    [
                        107.622661,
                        15.654115
                    ],
                    [
                        107.622642,
                        15.65405
                    ],
                    [
                        107.622595,
                        15.653924
                    ],
                    [
                        107.622567,
                        15.653867
                    ],
                    [
                        107.622507,
                        15.653818
                    ],
                    [
                        107.622453,
                        15.653791
                    ],
                    [
                        107.622255,
                        15.653705
                    ],
                    [
                        107.622199,
                        15.653684
                    ],
                    [
                        107.622134,
                        15.653664
                    ],
                    [
                        107.622062,
                        15.653647
                    ],
                    [
                        107.621912,
                        15.653614
                    ],
                    [
                        107.621807,
                        15.653612
                    ],
                    [
                        107.621642,
                        15.653615
                    ],
                    [
                        107.621467,
                        15.653589
                    ],
                    [
                        107.621381,
                        15.653563
                    ],
                    [
                        107.621297,
                        15.653521
                    ],
                    [
                        107.621038,
                        15.653377
                    ],
                    [
                        107.620949,
                        15.653326
                    ],
                    [
                        107.61855,
                        15.652031
                    ],
                    [
                        107.618217,
                        15.651839
                    ],
                    [
                        107.617884,
                        15.651643
                    ],
                    [
                        107.617682,
                        15.651524
                    ],
                    [
                        107.617587,
                        15.651473
                    ],
                    [
                        107.617473,
                        15.65143
                    ],
                    [
                        107.617373,
                        15.651402
                    ],
                    [
                        107.61727,
                        15.651394
                    ],
                    [
                        107.617178,
                        15.651402
                    ],
                    [
                        107.617081,
                        15.651428
                    ],
                    [
                        107.61692,
                        15.651506
                    ],
                    [
                        107.616845,
                        15.651536
                    ],
                    [
                        107.616782,
                        15.651536
                    ],
                    [
                        107.616698,
                        15.651507
                    ],
                    [
                        107.61659,
                        15.651463
                    ],
                    [
                        107.616477,
                        15.651416
                    ],
                    [
                        107.616404,
                        15.651401
                    ],
                    [
                        107.616314,
                        15.651415
                    ],
                    [
                        107.616253,
                        15.651433
                    ],
                    [
                        107.616191,
                        15.651479
                    ],
                    [
                        107.616069,
                        15.651589
                    ],
                    [
                        107.615928,
                        15.651724
                    ],
                    [
                        107.615827,
                        15.65182
                    ],
                    [
                        107.615652,
                        15.652012
                    ],
                    [
                        107.615461,
                        15.652188
                    ],
                    [
                        107.615417,
                        15.652249
                    ],
                    [
                        107.615393,
                        15.652315
                    ],
                    [
                        107.615391,
                        15.652399
                    ],
                    [
                        107.615408,
                        15.652595
                    ],
                    [
                        107.615406,
                        15.652694
                    ],
                    [
                        107.615388,
                        15.652754
                    ],
                    [
                        107.615332,
                        15.652822
                    ],
                    [
                        107.615246,
                        15.652881
                    ],
                    [
                        107.61514,
                        15.652935
                    ],
                    [
                        107.615101,
                        15.652963
                    ],
                    [
                        107.615054,
                        15.653016
                    ],
                    [
                        107.61503,
                        15.653053
                    ],
                    [
                        107.615013,
                        15.65312
                    ],
                    [
                        107.615007,
                        15.653248
                    ],
                    [
                        107.615012,
                        15.653343
                    ],
                    [
                        107.615012,
                        15.653498
                    ],
                    [
                        107.614991,
                        15.65359
                    ],
                    [
                        107.614951,
                        15.653652
                    ],
                    [
                        107.614883,
                        15.653702
                    ],
                    [
                        107.614766,
                        15.653762
                    ],
                    [
                        107.614599,
                        15.653857
                    ],
                    [
                        107.614559,
                        15.653899
                    ],
                    [
                        107.614518,
                        15.653945
                    ],
                    [
                        107.614473,
                        15.654027
                    ],
                    [
                        107.614416,
                        15.654197
                    ],
                    [
                        107.61436,
                        15.654324
                    ],
                    [
                        107.614256,
                        15.654485
                    ],
                    [
                        107.614181,
                        15.654586
                    ],
                    [
                        107.614101,
                        15.654684
                    ],
                    [
                        107.613987,
                        15.654818
                    ],
                    [
                        107.613912,
                        15.65492
                    ],
                    [
                        107.61385,
                        15.655036
                    ],
                    [
                        107.613736,
                        15.655332
                    ],
                    [
                        107.613692,
                        15.655444
                    ],
                    [
                        107.613632,
                        15.655527
                    ],
                    [
                        107.613559,
                        15.655604
                    ],
                    [
                        107.613504,
                        15.655633
                    ],
                    [
                        107.613447,
                        15.655645
                    ],
                    [
                        107.613404,
                        15.655645
                    ],
                    [
                        107.613377,
                        15.655635
                    ],
                    [
                        107.613337,
                        15.655614
                    ],
                    [
                        107.613292,
                        15.655581
                    ],
                    [
                        107.613244,
                        15.655514
                    ],
                    [
                        107.613223,
                        15.655441
                    ],
                    [
                        107.613221,
                        15.655343
                    ],
                    [
                        107.613213,
                        15.65522
                    ],
                    [
                        107.613179,
                        15.655119
                    ],
                    [
                        107.613094,
                        15.654995
                    ],
                    [
                        107.613019,
                        15.654886
                    ],
                    [
                        107.612992,
                        15.654817
                    ],
                    [
                        107.612975,
                        15.65472
                    ],
                    [
                        107.612983,
                        15.654641
                    ],
                    [
                        107.613058,
                        15.654485
                    ],
                    [
                        107.613096,
                        15.654409
                    ],
                    [
                        107.613112,
                        15.654308
                    ],
                    [
                        107.613089,
                        15.654213
                    ],
                    [
                        107.613043,
                        15.65415
                    ],
                    [
                        107.612973,
                        15.654108
                    ],
                    [
                        107.612904,
                        15.654091
                    ],
                    [
                        107.612809,
                        15.654104
                    ],
                    [
                        107.612704,
                        15.654157
                    ],
                    [
                        107.612637,
                        15.654211
                    ],
                    [
                        107.612572,
                        15.654294
                    ],
                    [
                        107.612519,
                        15.654372
                    ],
                    [
                        107.612465,
                        15.65445
                    ],
                    [
                        107.612378,
                        15.654595
                    ],
                    [
                        107.612335,
                        15.654687
                    ],
                    [
                        107.612301,
                        15.65475
                    ],
                    [
                        107.612274,
                        15.654836
                    ],
                    [
                        107.612284,
                        15.654988
                    ],
                    [
                        107.612346,
                        15.655099
                    ],
                    [
                        107.612412,
                        15.655208
                    ],
                    [
                        107.612423,
                        15.655293
                    ],
                    [
                        107.612409,
                        15.655423
                    ],
                    [
                        107.612284,
                        15.655794
                    ],
                    [
                        107.612212,
                        15.655987
                    ],
                    [
                        107.612179,
                        15.656091
                    ],
                    [
                        107.612164,
                        15.656195
                    ],
                    [
                        107.612163,
                        15.656312
                    ],
                    [
                        107.612173,
                        15.656408
                    ],
                    [
                        107.612211,
                        15.656545
                    ],
                    [
                        107.612264,
                        15.656676
                    ],
                    [
                        107.612306,
                        15.656782
                    ],
                    [
                        107.612333,
                        15.656873
                    ],
                    [
                        107.61236,
                        15.656959
                    ],
                    [
                        107.61237,
                        15.65709
                    ],
                    [
                        107.612351,
                        15.657174
                    ],
                    [
                        107.612296,
                        15.657227
                    ],
                    [
                        107.61223,
                        15.65725
                    ],
                    [
                        107.612166,
                        15.657251
                    ],
                    [
                        107.612092,
                        15.657234
                    ],
                    [
                        107.611963,
                        15.657153
                    ],
                    [
                        107.611875,
                        15.65709
                    ],
                    [
                        107.611742,
                        15.656986
                    ],
                    [
                        107.611613,
                        15.65689
                    ],
                    [
                        107.611531,
                        15.656833
                    ],
                    [
                        107.611419,
                        15.656765
                    ],
                    [
                        107.611307,
                        15.656719
                    ],
                    [
                        107.611193,
                        15.656693
                    ],
                    [
                        107.61104,
                        15.656685
                    ],
                    [
                        107.610952,
                        15.656688
                    ],
                    [
                        107.610844,
                        15.65672
                    ],
                    [
                        107.610783,
                        15.656739
                    ],
                    [
                        107.610713,
                        15.656807
                    ],
                    [
                        107.610674,
                        15.65687
                    ],
                    [
                        107.610645,
                        15.656958
                    ],
                    [
                        107.610647,
                        15.657229
                    ],
                    [
                        107.610648,
                        15.657384
                    ],
                    [
                        107.610652,
                        15.657539
                    ],
                    [
                        107.610687,
                        15.657659
                    ],
                    [
                        107.610777,
                        15.657809
                    ],
                    [
                        107.610869,
                        15.65799
                    ],
                    [
                        107.610919,
                        15.658133
                    ],
                    [
                        107.610977,
                        15.658406
                    ],
                    [
                        107.611036,
                        15.658634
                    ],
                    [
                        107.611157,
                        15.659026
                    ],
                    [
                        107.611178,
                        15.659216
                    ],
                    [
                        107.61117,
                        15.659343
                    ],
                    [
                        107.611129,
                        15.659415
                    ],
                    [
                        107.61107,
                        15.659486
                    ],
                    [
                        107.61099,
                        15.659519
                    ],
                    [
                        107.610889,
                        15.659537
                    ],
                    [
                        107.610828,
                        15.659541
                    ],
                    [
                        107.610741,
                        15.659517
                    ],
                    [
                        107.61067,
                        15.659462
                    ],
                    [
                        107.610585,
                        15.659353
                    ],
                    [
                        107.610522,
                        15.659256
                    ],
                    [
                        107.610446,
                        15.659128
                    ],
                    [
                        107.61033,
                        15.65893
                    ],
                    [
                        107.610177,
                        15.658696
                    ],
                    [
                        107.610081,
                        15.658555
                    ],
                    [
                        107.61,
                        15.658466
                    ],
                    [
                        107.609897,
                        15.658375
                    ],
                    [
                        107.609836,
                        15.658341
                    ],
                    [
                        107.60975,
                        15.658345
                    ],
                    [
                        107.60968,
                        15.658387
                    ],
                    [
                        107.609619,
                        15.658438
                    ],
                    [
                        107.60956,
                        15.658499
                    ],
                    [
                        107.609514,
                        15.658588
                    ],
                    [
                        107.609426,
                        15.65874
                    ],
                    [
                        107.609339,
                        15.658869
                    ],
                    [
                        107.609235,
                        15.658971
                    ],
                    [
                        107.609125,
                        15.659057
                    ],
                    [
                        107.60889,
                        15.659245
                    ],
                    [
                        107.608628,
                        15.659468
                    ],
                    [
                        107.608481,
                        15.659647
                    ],
                    [
                        107.608425,
                        15.659736
                    ],
                    [
                        107.608379,
                        15.659826
                    ],
                    [
                        107.608275,
                        15.66011
                    ],
                    [
                        107.608214,
                        15.660208
                    ],
                    [
                        107.608148,
                        15.660287
                    ],
                    [
                        107.608097,
                        15.660307
                    ],
                    [
                        107.608035,
                        15.660315
                    ],
                    [
                        107.607973,
                        15.660305
                    ],
                    [
                        107.607935,
                        15.660287
                    ],
                    [
                        107.607894,
                        15.660261
                    ],
                    [
                        107.607861,
                        15.660225
                    ],
                    [
                        107.607829,
                        15.660184
                    ],
                    [
                        107.607804,
                        15.660146
                    ],
                    [
                        107.607791,
                        15.660115
                    ],
                    [
                        107.607773,
                        15.660072
                    ],
                    [
                        107.607768,
                        15.660033
                    ],
                    [
                        107.607761,
                        15.659944
                    ],
                    [
                        107.607774,
                        15.65982
                    ],
                    [
                        107.607788,
                        15.659684
                    ],
                    [
                        107.607926,
                        15.659297
                    ],
                    [
                        107.608003,
                        15.659111
                    ],
                    [
                        107.608062,
                        15.659015
                    ],
                    [
                        107.608144,
                        15.658843
                    ],
                    [
                        107.608208,
                        15.658717
                    ],
                    [
                        107.608237,
                        15.658661
                    ],
                    [
                        107.608274,
                        15.658585
                    ],
                    [
                        107.608303,
                        15.658482
                    ],
                    [
                        107.608306,
                        15.658331
                    ],
                    [
                        107.608261,
                        15.658185
                    ],
                    [
                        107.608161,
                        15.658039
                    ],
                    [
                        107.608066,
                        15.657941
                    ],
                    [
                        107.607919,
                        15.657886
                    ],
                    [
                        107.60779,
                        15.657877
                    ],
                    [
                        107.607712,
                        15.657885
                    ],
                    [
                        107.607626,
                        15.657934
                    ],
                    [
                        107.607565,
                        15.658033
                    ],
                    [
                        107.607532,
                        15.658136
                    ],
                    [
                        107.607514,
                        15.658274
                    ],
                    [
                        107.607504,
                        15.658395
                    ],
                    [
                        107.607475,
                        15.658537
                    ],
                    [
                        107.60744,
                        15.658712
                    ],
                    [
                        107.607402,
                        15.65889
                    ],
                    [
                        107.607139,
                        15.659734
                    ],
                    [
                        107.607063,
                        15.659835
                    ],
                    [
                        107.606984,
                        15.659869
                    ],
                    [
                        107.606891,
                        15.659851
                    ],
                    [
                        107.606802,
                        15.659821
                    ],
                    [
                        107.606738,
                        15.65976
                    ],
                    [
                        107.60668,
                        15.659699
                    ],
                    [
                        107.60662,
                        15.659609
                    ],
                    [
                        107.606586,
                        15.659511
                    ],
                    [
                        107.606549,
                        15.65932
                    ],
                    [
                        107.606506,
                        15.659188
                    ],
                    [
                        107.60644,
                        15.659061
                    ],
                    [
                        107.606371,
                        15.658972
                    ],
                    [
                        107.606285,
                        15.658919
                    ],
                    [
                        107.60617,
                        15.658893
                    ],
                    [
                        107.606063,
                        15.658907
                    ],
                    [
                        107.605978,
                        15.658946
                    ],
                    [
                        107.605838,
                        15.659012
                    ],
                    [
                        107.605735,
                        15.659066
                    ],
                    [
                        107.605497,
                        15.659218
                    ],
                    [
                        107.605373,
                        15.659288
                    ],
                    [
                        107.605274,
                        15.6593
                    ],
                    [
                        107.605206,
                        15.659282
                    ],
                    [
                        107.605109,
                        15.659226
                    ],
                    [
                        107.604906,
                        15.659116
                    ],
                    [
                        107.60475,
                        15.659031
                    ],
                    [
                        107.604628,
                        15.659001
                    ],
                    [
                        107.60455,
                        15.659009
                    ],
                    [
                        107.604477,
                        15.659051
                    ],
                    [
                        107.604383,
                        15.659118
                    ],
                    [
                        107.603729,
                        15.659652
                    ],
                    [
                        107.60367,
                        15.659681
                    ],
                    [
                        107.603625,
                        15.659691
                    ],
                    [
                        107.603529,
                        15.659686
                    ],
                    [
                        107.603464,
                        15.659664
                    ],
                    [
                        107.603419,
                        15.659623
                    ],
                    [
                        107.603378,
                        15.659562
                    ],
                    [
                        107.603318,
                        15.659433
                    ],
                    [
                        107.603264,
                        15.659293
                    ],
                    [
                        107.603219,
                        15.659185
                    ],
                    [
                        107.603122,
                        15.659055
                    ],
                    [
                        107.60298,
                        15.658935
                    ],
                    [
                        107.602824,
                        15.658795
                    ],
                    [
                        107.602768,
                        15.658733
                    ],
                    [
                        107.602702,
                        15.658686
                    ],
                    [
                        107.602617,
                        15.658645
                    ],
                    [
                        107.60251,
                        15.658634
                    ],
                    [
                        107.602329,
                        15.658663
                    ],
                    [
                        107.602138,
                        15.658723
                    ],
                    [
                        107.602012,
                        15.658767
                    ],
                    [
                        107.601894,
                        15.658826
                    ],
                    [
                        107.601775,
                        15.658893
                    ],
                    [
                        107.601545,
                        15.659017
                    ],
                    [
                        107.601338,
                        15.659138
                    ],
                    [
                        107.601203,
                        15.659227
                    ],
                    [
                        107.60101,
                        15.659345
                    ],
                    [
                        107.600916,
                        15.659401
                    ],
                    [
                        107.600835,
                        15.659468
                    ],
                    [
                        107.600769,
                        15.659544
                    ],
                    [
                        107.600722,
                        15.659619
                    ],
                    [
                        107.600667,
                        15.65972
                    ],
                    [
                        107.600558,
                        15.659907
                    ],
                    [
                        107.600474,
                        15.660006
                    ],
                    [
                        107.600369,
                        15.660077
                    ],
                    [
                        107.600258,
                        15.660128
                    ],
                    [
                        107.600006,
                        15.660224
                    ],
                    [
                        107.59961,
                        15.660341
                    ],
                    [
                        107.599393,
                        15.660367
                    ],
                    [
                        107.599293,
                        15.66036
                    ],
                    [
                        107.599181,
                        15.660335
                    ],
                    [
                        107.599069,
                        15.660291
                    ],
                    [
                        107.598948,
                        15.660248
                    ],
                    [
                        107.598604,
                        15.660128
                    ],
                    [
                        107.598456,
                        15.660099
                    ],
                    [
                        107.59833,
                        15.660087
                    ],
                    [
                        107.598002,
                        15.66008
                    ],
                    [
                        107.597833,
                        15.66007
                    ],
                    [
                        107.597744,
                        15.660094
                    ],
                    [
                        107.597679,
                        15.660122
                    ],
                    [
                        107.597612,
                        15.660191
                    ],
                    [
                        107.597529,
                        15.660292
                    ],
                    [
                        107.59732,
                        15.660642
                    ],
                    [
                        107.597235,
                        15.660779
                    ],
                    [
                        107.597138,
                        15.660893
                    ],
                    [
                        107.596925,
                        15.661158
                    ],
                    [
                        107.596757,
                        15.661448
                    ],
                    [
                        107.596706,
                        15.661546
                    ],
                    [
                        107.596612,
                        15.661642
                    ],
                    [
                        107.596511,
                        15.661693
                    ],
                    [
                        107.596338,
                        15.661736
                    ],
                    [
                        107.596192,
                        15.661756
                    ],
                    [
                        107.596063,
                        15.661762
                    ],
                    [
                        107.595935,
                        15.661763
                    ],
                    [
                        107.595735,
                        15.661784
                    ],
                    [
                        107.595643,
                        15.661808
                    ],
                    [
                        107.595572,
                        15.661839
                    ],
                    [
                        107.595494,
                        15.661878
                    ],
                    [
                        107.595392,
                        15.661936
                    ],
                    [
                        107.595263,
                        15.662013
                    ],
                    [
                        107.595157,
                        15.662097
                    ],
                    [
                        107.595068,
                        15.662185
                    ],
                    [
                        107.594961,
                        15.662289
                    ],
                    [
                        107.594887,
                        15.66238
                    ],
                    [
                        107.594813,
                        15.662462
                    ],
                    [
                        107.594747,
                        15.662546
                    ],
                    [
                        107.594687,
                        15.66265
                    ],
                    [
                        107.594648,
                        15.662751
                    ],
                    [
                        107.594617,
                        15.662842
                    ],
                    [
                        107.594602,
                        15.662933
                    ],
                    [
                        107.59459,
                        15.663045
                    ],
                    [
                        107.594591,
                        15.663138
                    ],
                    [
                        107.594609,
                        15.663305
                    ],
                    [
                        107.594628,
                        15.663407
                    ],
                    [
                        107.594702,
                        15.663702
                    ],
                    [
                        107.594742,
                        15.663921
                    ],
                    [
                        107.594788,
                        15.664334
                    ],
                    [
                        107.59481,
                        15.664523
                    ],
                    [
                        107.594798,
                        15.664632
                    ],
                    [
                        107.594765,
                        15.664707
                    ],
                    [
                        107.594703,
                        15.664788
                    ],
                    [
                        107.594649,
                        15.664837
                    ],
                    [
                        107.594584,
                        15.664873
                    ],
                    [
                        107.59449,
                        15.664902
                    ],
                    [
                        107.594417,
                        15.664901
                    ],
                    [
                        107.594349,
                        15.6649
                    ],
                    [
                        107.594268,
                        15.664885
                    ],
                    [
                        107.594176,
                        15.664863
                    ],
                    [
                        107.594074,
                        15.664832
                    ],
                    [
                        107.593898,
                        15.664748
                    ],
                    [
                        107.593504,
                        15.664551
                    ],
                    [
                        107.593397,
                        15.664512
                    ],
                    [
                        107.593289,
                        15.664483
                    ],
                    [
                        107.593202,
                        15.664487
                    ],
                    [
                        107.593079,
                        15.664526
                    ],
                    [
                        107.592796,
                        15.664658
                    ],
                    [
                        107.592617,
                        15.664719
                    ],
                    [
                        107.59249,
                        15.664735
                    ],
                    [
                        107.592404,
                        15.664727
                    ],
                    [
                        107.592312,
                        15.664706
                    ],
                    [
                        107.592221,
                        15.664675
                    ],
                    [
                        107.592116,
                        15.664613
                    ],
                    [
                        107.591887,
                        15.664456
                    ],
                    [
                        107.591789,
                        15.664414
                    ],
                    [
                        107.59169,
                        15.664392
                    ],
                    [
                        107.591606,
                        15.664399
                    ],
                    [
                        107.591526,
                        15.664417
                    ],
                    [
                        107.591428,
                        15.664444
                    ],
                    [
                        107.591336,
                        15.664485
                    ],
                    [
                        107.591138,
                        15.664566
                    ],
                    [
                        107.59099,
                        15.664655
                    ],
                    [
                        107.590913,
                        15.664731
                    ],
                    [
                        107.590853,
                        15.664803
                    ],
                    [
                        107.590785,
                        15.664899
                    ],
                    [
                        107.590602,
                        15.665158
                    ],
                    [
                        107.590456,
                        15.665331
                    ],
                    [
                        107.590328,
                        15.665511
                    ],
                    [
                        107.590282,
                        15.665601
                    ],
                    [
                        107.590232,
                        15.665711
                    ],
                    [
                        107.590115,
                        15.665893
                    ],
                    [
                        107.590048,
                        15.665981
                    ],
                    [
                        107.589964,
                        15.666065
                    ],
                    [
                        107.589803,
                        15.666196
                    ],
                    [
                        107.589727,
                        15.666271
                    ],
                    [
                        107.589675,
                        15.666347
                    ],
                    [
                        107.58957,
                        15.666486
                    ],
                    [
                        107.58951,
                        15.666577
                    ],
                    [
                        107.58945,
                        15.666645
                    ],
                    [
                        107.589396,
                        15.666671
                    ],
                    [
                        107.589346,
                        15.666685
                    ],
                    [
                        107.589282,
                        15.666689
                    ],
                    [
                        107.589192,
                        15.666681
                    ],
                    [
                        107.589085,
                        15.666663
                    ],
                    [
                        107.588984,
                        15.666643
                    ],
                    [
                        107.588872,
                        15.666607
                    ],
                    [
                        107.588764,
                        15.666568
                    ],
                    [
                        107.588695,
                        15.666518
                    ],
                    [
                        107.588637,
                        15.666456
                    ],
                    [
                        107.58861,
                        15.666383
                    ],
                    [
                        107.588584,
                        15.666303
                    ],
                    [
                        107.588594,
                        15.666181
                    ],
                    [
                        107.588623,
                        15.665864
                    ],
                    [
                        107.58863,
                        15.665769
                    ],
                    [
                        107.588613,
                        15.665679
                    ],
                    [
                        107.588514,
                        15.665398
                    ],
                    [
                        107.588487,
                        15.66533
                    ],
                    [
                        107.588472,
                        15.665255
                    ],
                    [
                        107.588471,
                        15.665182
                    ],
                    [
                        107.588482,
                        15.66511
                    ],
                    [
                        107.588505,
                        15.665054
                    ],
                    [
                        107.588553,
                        15.66498
                    ],
                    [
                        107.588643,
                        15.66489
                    ],
                    [
                        107.588712,
                        15.664816
                    ],
                    [
                        107.588768,
                        15.664749
                    ],
                    [
                        107.588827,
                        15.664665
                    ],
                    [
                        107.588846,
                        15.66461
                    ],
                    [
                        107.58885,
                        15.664525
                    ],
                    [
                        107.588839,
                        15.664445
                    ],
                    [
                        107.588788,
                        15.664311
                    ],
                    [
                        107.588708,
                        15.664178
                    ],
                    [
                        107.588658,
                        15.664117
                    ],
                    [
                        107.588602,
                        15.664081
                    ],
                    [
                        107.588528,
                        15.664073
                    ],
                    [
                        107.588459,
                        15.664088
                    ],
                    [
                        107.588384,
                        15.664111
                    ],
                    [
                        107.588316,
                        15.664151
                    ],
                    [
                        107.588247,
                        15.664217
                    ],
                    [
                        107.588185,
                        15.664305
                    ],
                    [
                        107.588109,
                        15.664456
                    ],
                    [
                        107.588084,
                        15.664558
                    ],
                    [
                        107.58807,
                        15.664667
                    ],
                    [
                        107.588065,
                        15.664999
                    ],
                    [
                        107.588059,
                        15.665094
                    ],
                    [
                        107.588053,
                        15.665188
                    ],
                    [
                        107.588026,
                        15.665283
                    ],
                    [
                        107.587875,
                        15.665471
                    ],
                    [
                        107.587773,
                        15.66556
                    ],
                    [
                        107.587664,
                        15.665598
                    ],
                    [
                        107.587581,
                        15.66561
                    ],
                    [
                        107.587472,
                        15.665596
                    ],
                    [
                        107.587381,
                        15.665578
                    ],
                    [
                        107.587193,
                        15.665515
                    ],
                    [
                        107.586885,
                        15.665389
                    ],
                    [
                        107.586359,
                        15.665161
                    ],
                    [
                        107.586254,
                        15.665117
                    ],
                    [
                        107.58616,
                        15.665084
                    ],
                    [
                        107.585985,
                        15.66506
                    ],
                    [
                        107.585911,
                        15.665071
                    ],
                    [
                        107.585835,
                        15.665116
                    ],
                    [
                        107.585763,
                        15.665192
                    ],
                    [
                        107.585659,
                        15.665298
                    ],
                    [
                        107.585533,
                        15.665397
                    ],
                    [
                        107.585417,
                        15.665444
                    ],
                    [
                        107.58524,
                        15.665482
                    ],
                    [
                        107.585039,
                        15.665533
                    ],
                    [
                        107.584916,
                        15.665545
                    ],
                    [
                        107.584798,
                        15.665537
                    ],
                    [
                        107.584711,
                        15.665494
                    ],
                    [
                        107.584664,
                        15.665441
                    ],
                    [
                        107.584618,
                        15.665379
                    ],
                    [
                        107.584581,
                        15.665285
                    ],
                    [
                        107.584566,
                        15.665149
                    ],
                    [
                        107.584582,
                        15.664988
                    ],
                    [
                        107.584604,
                        15.664863
                    ],
                    [
                        107.584671,
                        15.664656
                    ],
                    [
                        107.584708,
                        15.664461
                    ],
                    [
                        107.584709,
                        15.664383
                    ],
                    [
                        107.584678,
                        15.664176
                    ],
                    [
                        107.584643,
                        15.66397
                    ],
                    [
                        107.584621,
                        15.66387
                    ],
                    [
                        107.584548,
                        15.663587
                    ],
                    [
                        107.584513,
                        15.663502
                    ],
                    [
                        107.584465,
                        15.663431
                    ],
                    [
                        107.584369,
                        15.663327
                    ],
                    [
                        107.584326,
                        15.663277
                    ],
                    [
                        107.584309,
                        15.663203
                    ],
                    [
                        107.584316,
                        15.663138
                    ],
                    [
                        107.584372,
                        15.663013
                    ],
                    [
                        107.584417,
                        15.662934
                    ],
                    [
                        107.584446,
                        15.662865
                    ],
                    [
                        107.584468,
                        15.662794
                    ],
                    [
                        107.584467,
                        15.662696
                    ],
                    [
                        107.584398,
                        15.662431
                    ],
                    [
                        107.584355,
                        15.662308
                    ],
                    [
                        107.584331,
                        15.662173
                    ],
                    [
                        107.584331,
                        15.662038
                    ],
                    [
                        107.584378,
                        15.661811
                    ],
                    [
                        107.584401,
                        15.661623
                    ],
                    [
                        107.584374,
                        15.661494
                    ],
                    [
                        107.584334,
                        15.661413
                    ],
                    [
                        107.584287,
                        15.66136
                    ],
                    [
                        107.584222,
                        15.661312
                    ],
                    [
                        107.584151,
                        15.661271
                    ],
                    [
                        107.584003,
                        15.661225
                    ],
                    [
                        107.583842,
                        15.661168
                    ],
                    [
                        107.583774,
                        15.661124
                    ],
                    [
                        107.583728,
                        15.661061
                    ],
                    [
                        107.583709,
                        15.660996
                    ],
                    [
                        107.583712,
                        15.660886
                    ],
                    [
                        107.583733,
                        15.660799
                    ],
                    [
                        107.583785,
                        15.66072
                    ],
                    [
                        107.583901,
                        15.660619
                    ],
                    [
                        107.584036,
                        15.660512
                    ],
                    [
                        107.584118,
                        15.660436
                    ],
                    [
                        107.584182,
                        15.66034
                    ],
                    [
                        107.584206,
                        15.660283
                    ],
                    [
                        107.584214,
                        15.660219
                    ],
                    [
                        107.584209,
                        15.660136
                    ],
                    [
                        107.584188,
                        15.660044
                    ],
                    [
                        107.584157,
                        15.659959
                    ],
                    [
                        107.584108,
                        15.659845
                    ],
                    [
                        107.584025,
                        15.659674
                    ],
                    [
                        107.583981,
                        15.659565
                    ],
                    [
                        107.583845,
                        15.659275
                    ],
                    [
                        107.583693,
                        15.658982
                    ],
                    [
                        107.583469,
                        15.658636
                    ],
                    [
                        107.583414,
                        15.658516
                    ],
                    [
                        107.583374,
                        15.658421
                    ],
                    [
                        107.583331,
                        15.658309
                    ],
                    [
                        107.583294,
                        15.658173
                    ],
                    [
                        107.583235,
                        15.65793
                    ],
                    [
                        107.583201,
                        15.657852
                    ],
                    [
                        107.583094,
                        15.657721
                    ],
                    [
                        107.58285,
                        15.657512
                    ],
                    [
                        107.58274,
                        15.657438
                    ],
                    [
                        107.582563,
                        15.657346
                    ],
                    [
                        107.582498,
                        15.657325
                    ],
                    [
                        107.582302,
                        15.65731
                    ],
                    [
                        107.582219,
                        15.657298
                    ],
                    [
                        107.582082,
                        15.657255
                    ],
                    [
                        107.581905,
                        15.657185
                    ],
                    [
                        107.581814,
                        15.657137
                    ],
                    [
                        107.581725,
                        15.657076
                    ],
                    [
                        107.581676,
                        15.657016
                    ],
                    [
                        107.581659,
                        15.65694
                    ],
                    [
                        107.581665,
                        15.656834
                    ],
                    [
                        107.581716,
                        15.656713
                    ],
                    [
                        107.581786,
                        15.656565
                    ],
                    [
                        107.581802,
                        15.656462
                    ],
                    [
                        107.581794,
                        15.656359
                    ],
                    [
                        107.581753,
                        15.65625
                    ],
                    [
                        107.581691,
                        15.656174
                    ],
                    [
                        107.58159,
                        15.656111
                    ],
                    [
                        107.581478,
                        15.656088
                    ],
                    [
                        107.58136,
                        15.656119
                    ],
                    [
                        107.581277,
                        15.656168
                    ],
                    [
                        107.581169,
                        15.656237
                    ],
                    [
                        107.581038,
                        15.65631
                    ],
                    [
                        107.580933,
                        15.656342
                    ],
                    [
                        107.58085,
                        15.656338
                    ],
                    [
                        107.580778,
                        15.656303
                    ],
                    [
                        107.580716,
                        15.656248
                    ],
                    [
                        107.580667,
                        15.656152
                    ],
                    [
                        107.580635,
                        15.656049
                    ],
                    [
                        107.580619,
                        15.655925
                    ],
                    [
                        107.580593,
                        15.655788
                    ],
                    [
                        107.580531,
                        15.65569
                    ],
                    [
                        107.580421,
                        15.655623
                    ],
                    [
                        107.580316,
                        15.655594
                    ],
                    [
                        107.580134,
                        15.655561
                    ],
                    [
                        107.579926,
                        15.655545
                    ],
                    [
                        107.579639,
                        15.655504
                    ],
                    [
                        107.579356,
                        15.655458
                    ],
                    [
                        107.579285,
                        15.655429
                    ],
                    [
                        107.57923,
                        15.65539
                    ],
                    [
                        107.578982,
                        15.654947
                    ],
                    [
                        107.578832,
                        15.654692
                    ],
                    [
                        107.578746,
                        15.654606
                    ],
                    [
                        107.578643,
                        15.654565
                    ],
                    [
                        107.578554,
                        15.65456
                    ],
                    [
                        107.578487,
                        15.654585
                    ],
                    [
                        107.578433,
                        15.654647
                    ],
                    [
                        107.578395,
                        15.654734
                    ],
                    [
                        107.578304,
                        15.655051
                    ],
                    [
                        107.578205,
                        15.655432
                    ],
                    [
                        107.578075,
                        15.655817
                    ],
                    [
                        107.577994,
                        15.656075
                    ],
                    [
                        107.577922,
                        15.656231
                    ],
                    [
                        107.577843,
                        15.656346
                    ],
                    [
                        107.577746,
                        15.656432
                    ],
                    [
                        107.577672,
                        15.656497
                    ],
                    [
                        107.577546,
                        15.656602
                    ],
                    [
                        107.577468,
                        15.656643
                    ],
                    [
                        107.577383,
                        15.656678
                    ],
                    [
                        107.577302,
                        15.656684
                    ],
                    [
                        107.577218,
                        15.656674
                    ],
                    [
                        107.577133,
                        15.656628
                    ],
                    [
                        107.577033,
                        15.656511
                    ],
                    [
                        107.576926,
                        15.656359
                    ],
                    [
                        107.576864,
                        15.656297
                    ],
                    [
                        107.576797,
                        15.656255
                    ],
                    [
                        107.576722,
                        15.656235
                    ],
                    [
                        107.576624,
                        15.656232
                    ],
                    [
                        107.57654,
                        15.656259
                    ],
                    [
                        107.576467,
                        15.656323
                    ],
                    [
                        107.576317,
                        15.656507
                    ],
                    [
                        107.576239,
                        15.656615
                    ],
                    [
                        107.576172,
                        15.656724
                    ],
                    [
                        107.576116,
                        15.656794
                    ],
                    [
                        107.576038,
                        15.656846
                    ],
                    [
                        107.575956,
                        15.656862
                    ],
                    [
                        107.575875,
                        15.656847
                    ],
                    [
                        107.575786,
                        15.656784
                    ],
                    [
                        107.575677,
                        15.656674
                    ],
                    [
                        107.575543,
                        15.656506
                    ],
                    [
                        107.57537,
                        15.656299
                    ],
                    [
                        107.575228,
                        15.656174
                    ],
                    [
                        107.575084,
                        15.656079
                    ],
                    [
                        107.574909,
                        15.656005
                    ],
                    [
                        107.574707,
                        15.655987
                    ],
                    [
                        107.574529,
                        15.656006
                    ],
                    [
                        107.574303,
                        15.656049
                    ],
                    [
                        107.574121,
                        15.656106
                    ],
                    [
                        107.573965,
                        15.656201
                    ],
                    [
                        107.573848,
                        15.656323
                    ],
                    [
                        107.573722,
                        15.656485
                    ],
                    [
                        107.573496,
                        15.656728
                    ],
                    [
                        107.573395,
                        15.656848
                    ],
                    [
                        107.573233,
                        15.656976
                    ],
                    [
                        107.57293,
                        15.657015
                    ],
                    [
                        107.572704,
                        15.65702
                    ],
                    [
                        107.572433,
                        15.65697
                    ],
                    [
                        107.572086,
                        15.65682
                    ],
                    [
                        107.571956,
                        15.656753
                    ],
                    [
                        107.571872,
                        15.656714
                    ],
                    [
                        107.571781,
                        15.656695
                    ],
                    [
                        107.571453,
                        15.656684
                    ],
                    [
                        107.571127,
                        15.656711
                    ],
                    [
                        107.570895,
                        15.656718
                    ],
                    [
                        107.570644,
                        15.656713
                    ],
                    [
                        107.570395,
                        15.656596
                    ],
                    [
                        107.570108,
                        15.656418
                    ],
                    [
                        107.569907,
                        15.656315
                    ],
                    [
                        107.569679,
                        15.656261
                    ],
                    [
                        107.569351,
                        15.656175
                    ],
                    [
                        107.569137,
                        15.656088
                    ],
                    [
                        107.569048,
                        15.655956
                    ],
                    [
                        107.568997,
                        15.655832
                    ],
                    [
                        107.568938,
                        15.655615
                    ],
                    [
                        107.568867,
                        15.655464
                    ],
                    [
                        107.568756,
                        15.655321
                    ],
                    [
                        107.568271,
                        15.654866
                    ],
                    [
                        107.567992,
                        15.65461
                    ],
                    [
                        107.567859,
                        15.65453
                    ],
                    [
                        107.56774,
                        15.654497
                    ],
                    [
                        107.567609,
                        15.654501
                    ],
                    [
                        107.567495,
                        15.654514
                    ],
                    [
                        107.567395,
                        15.654533
                    ],
                    [
                        107.567228,
                        15.65456
                    ],
                    [
                        107.567053,
                        15.654561
                    ],
                    [
                        107.566877,
                        15.654512
                    ],
                    [
                        107.566772,
                        15.654459
                    ],
                    [
                        107.56666,
                        15.654388
                    ],
                    [
                        107.566573,
                        15.65428
                    ],
                    [
                        107.566329,
                        15.653739
                    ],
                    [
                        107.566272,
                        15.653563
                    ],
                    [
                        107.566224,
                        15.653464
                    ],
                    [
                        107.566127,
                        15.653315
                    ],
                    [
                        107.566038,
                        15.653227
                    ],
                    [
                        107.565949,
                        15.653182
                    ],
                    [
                        107.565863,
                        15.653151
                    ],
                    [
                        107.565735,
                        15.653132
                    ],
                    [
                        107.565645,
                        15.653129
                    ],
                    [
                        107.56554,
                        15.653141
                    ],
                    [
                        107.565449,
                        15.653176
                    ],
                    [
                        107.565356,
                        15.653226
                    ],
                    [
                        107.565281,
                        15.653296
                    ],
                    [
                        107.565198,
                        15.653365
                    ],
                    [
                        107.565069,
                        15.653431
                    ],
                    [
                        107.564922,
                        15.653478
                    ],
                    [
                        107.564462,
                        15.653544
                    ],
                    [
                        107.564354,
                        15.653527
                    ],
                    [
                        107.564301,
                        15.653498
                    ],
                    [
                        107.564266,
                        15.653453
                    ],
                    [
                        107.564245,
                        15.653356
                    ],
                    [
                        107.56423,
                        15.653137
                    ],
                    [
                        107.564183,
                        15.652664
                    ],
                    [
                        107.56418,
                        15.652521
                    ],
                    [
                        107.564163,
                        15.652349
                    ],
                    [
                        107.564129,
                        15.652226
                    ],
                    [
                        107.564069,
                        15.652141
                    ],
                    [
                        107.563955,
                        15.652052
                    ],
                    [
                        107.563852,
                        15.651997
                    ],
                    [
                        107.563771,
                        15.651935
                    ],
                    [
                        107.563731,
                        15.651889
                    ],
                    [
                        107.563643,
                        15.651759
                    ],
                    [
                        107.563737,
                        15.651363
                    ],
                    [
                        107.56376,
                        15.651212
                    ],
                    [
                        107.563748,
                        15.651089
                    ],
                    [
                        107.563708,
                        15.650992
                    ],
                    [
                        107.563612,
                        15.650902
                    ],
                    [
                        107.563237,
                        15.650767
                    ],
                    [
                        107.563086,
                        15.650694
                    ],
                    [
                        107.562897,
                        15.650577
                    ],
                    [
                        107.56277,
                        15.650477
                    ],
                    [
                        107.562713,
                        15.650389
                    ],
                    [
                        107.562708,
                        15.6503
                    ],
                    [
                        107.56273,
                        15.650225
                    ],
                    [
                        107.562779,
                        15.650151
                    ],
                    [
                        107.563085,
                        15.649896
                    ],
                    [
                        107.563116,
                        15.649855
                    ],
                    [
                        107.563134,
                        15.649811
                    ],
                    [
                        107.563139,
                        15.649729
                    ],
                    [
                        107.563106,
                        15.649635
                    ],
                    [
                        107.563055,
                        15.649568
                    ],
                    [
                        107.562576,
                        15.649159
                    ],
                    [
                        107.562345,
                        15.648914
                    ],
                    [
                        107.562258,
                        15.648784
                    ],
                    [
                        107.562073,
                        15.6484
                    ],
                    [
                        107.561998,
                        15.648283
                    ],
                    [
                        107.561912,
                        15.648188
                    ],
                    [
                        107.561801,
                        15.648092
                    ],
                    [
                        107.561649,
                        15.64802
                    ],
                    [
                        107.561497,
                        15.647977
                    ],
                    [
                        107.560774,
                        15.647881
                    ],
                    [
                        107.560595,
                        15.647847
                    ],
                    [
                        107.56044,
                        15.647789
                    ],
                    [
                        107.560332,
                        15.647719
                    ],
                    [
                        107.560231,
                        15.647609
                    ],
                    [
                        107.56013,
                        15.647441
                    ],
                    [
                        107.560067,
                        15.647316
                    ],
                    [
                        107.560019,
                        15.647198
                    ],
                    [
                        107.559865,
                        15.64667
                    ],
                    [
                        107.559724,
                        15.646141
                    ],
                    [
                        107.559427,
                        15.645224
                    ],
                    [
                        107.559289,
                        15.64474
                    ],
                    [
                        107.559278,
                        15.644648
                    ],
                    [
                        107.559282,
                        15.644568
                    ],
                    [
                        107.559346,
                        15.644219
                    ],
                    [
                        107.55936,
                        15.644106
                    ],
                    [
                        107.559357,
                        15.643988
                    ],
                    [
                        107.559292,
                        15.643414
                    ],
                    [
                        107.559156,
                        15.642208
                    ],
                    [
                        107.559051,
                        15.641334
                    ],
                    [
                        107.559058,
                        15.641236
                    ],
                    [
                        107.559078,
                        15.641157
                    ],
                    [
                        107.559117,
                        15.64109
                    ],
                    [
                        107.559173,
                        15.64103
                    ],
                    [
                        107.559548,
                        15.640786
                    ],
                    [
                        107.559636,
                        15.640711
                    ],
                    [
                        107.55978,
                        15.640561
                    ],
                    [
                        107.55986,
                        15.640447
                    ],
                    [
                        107.559899,
                        15.640344
                    ],
                    [
                        107.559911,
                        15.64026
                    ],
                    [
                        107.559907,
                        15.64018
                    ],
                    [
                        107.55988,
                        15.640081
                    ],
                    [
                        107.55982,
                        15.639983
                    ],
                    [
                        107.559732,
                        15.639897
                    ],
                    [
                        107.559624,
                        15.639828
                    ],
                    [
                        107.558956,
                        15.639496
                    ],
                    [
                        107.558901,
                        15.639455
                    ],
                    [
                        107.558773,
                        15.63931
                    ],
                    [
                        107.558727,
                        15.639226
                    ],
                    [
                        107.55871,
                        15.639155
                    ],
                    [
                        107.558694,
                        15.63872
                    ],
                    [
                        107.558661,
                        15.638568
                    ],
                    [
                        107.558607,
                        15.638461
                    ],
                    [
                        107.558494,
                        15.638345
                    ],
                    [
                        107.558352,
                        15.638277
                    ],
                    [
                        107.558221,
                        15.63824
                    ],
                    [
                        107.55738,
                        15.638074
                    ],
                    [
                        107.557193,
                        15.638023
                    ],
                    [
                        107.556748,
                        15.637892
                    ],
                    [
                        107.556623,
                        15.637863
                    ],
                    [
                        107.556525,
                        15.637861
                    ],
                    [
                        107.55644,
                        15.637893
                    ],
                    [
                        107.556387,
                        15.637934
                    ],
                    [
                        107.556317,
                        15.638012
                    ],
                    [
                        107.556269,
                        15.638095
                    ],
                    [
                        107.556248,
                        15.638171
                    ],
                    [
                        107.556236,
                        15.638226
                    ],
                    [
                        107.556234,
                        15.638287
                    ],
                    [
                        107.556257,
                        15.638425
                    ],
                    [
                        107.556281,
                        15.63849
                    ],
                    [
                        107.556322,
                        15.63855
                    ],
                    [
                        107.556581,
                        15.638812
                    ],
                    [
                        107.55662,
                        15.638879
                    ],
                    [
                        107.556644,
                        15.638961
                    ],
                    [
                        107.556644,
                        15.639044
                    ],
                    [
                        107.556611,
                        15.63913
                    ],
                    [
                        107.556541,
                        15.639198
                    ],
                    [
                        107.556454,
                        15.639244
                    ],
                    [
                        107.556303,
                        15.639323
                    ],
                    [
                        107.556174,
                        15.639376
                    ],
                    [
                        107.556101,
                        15.639401
                    ],
                    [
                        107.556036,
                        15.639409
                    ],
                    [
                        107.55588,
                        15.639409
                    ],
                    [
                        107.555721,
                        15.639385
                    ],
                    [
                        107.55565,
                        15.639371
                    ],
                    [
                        107.555353,
                        15.639315
                    ],
                    [
                        107.554389,
                        15.639185
                    ],
                    [
                        107.554306,
                        15.639171
                    ],
                    [
                        107.554175,
                        15.639145
                    ],
                    [
                        107.553793,
                        15.639084
                    ],
                    [
                        107.553532,
                        15.63899
                    ],
                    [
                        107.553433,
                        15.638937
                    ],
                    [
                        107.55331,
                        15.63888
                    ],
                    [
                        107.553188,
                        15.638816
                    ],
                    [
                        107.552662,
                        15.638483
                    ],
                    [
                        107.552447,
                        15.638343
                    ],
                    [
                        107.55224,
                        15.638189
                    ],
                    [
                        107.552072,
                        15.638021
                    ],
                    [
                        107.551977,
                        15.637949
                    ],
                    [
                        107.551855,
                        15.637896
                    ],
                    [
                        107.551696,
                        15.637845
                    ],
                    [
                        107.551533,
                        15.637821
                    ],
                    [
                        107.551119,
                        15.637837
                    ],
                    [
                        107.550972,
                        15.637836
                    ],
                    [
                        107.550874,
                        15.63781
                    ],
                    [
                        107.550795,
                        15.63775
                    ],
                    [
                        107.550721,
                        15.637645
                    ],
                    [
                        107.550615,
                        15.637442
                    ],
                    [
                        107.550581,
                        15.637352
                    ],
                    [
                        107.550561,
                        15.637261
                    ],
                    [
                        107.550549,
                        15.637123
                    ],
                    [
                        107.550572,
                        15.636954
                    ],
                    [
                        107.550586,
                        15.636907
                    ],
                    [
                        107.550661,
                        15.636783
                    ],
                    [
                        107.550804,
                        15.636564
                    ],
                    [
                        107.550938,
                        15.636431
                    ],
                    [
                        107.551107,
                        15.636295
                    ],
                    [
                        107.551461,
                        15.636079
                    ],
                    [
                        107.551529,
                        15.635995
                    ],
                    [
                        107.55155,
                        15.635923
                    ],
                    [
                        107.551556,
                        15.635858
                    ],
                    [
                        107.551528,
                        15.635772
                    ],
                    [
                        107.551483,
                        15.635724
                    ],
                    [
                        107.551401,
                        15.635687
                    ],
                    [
                        107.5513,
                        15.635675
                    ],
                    [
                        107.551208,
                        15.635679
                    ],
                    [
                        107.551061,
                        15.635677
                    ],
                    [
                        107.550989,
                        15.635651
                    ],
                    [
                        107.550899,
                        15.635588
                    ],
                    [
                        107.550753,
                        15.635452
                    ],
                    [
                        107.550217,
                        15.634902
                    ],
                    [
                        107.549922,
                        15.634536
                    ],
                    [
                        107.549854,
                        15.634476
                    ],
                    [
                        107.549765,
                        15.634446
                    ],
                    [
                        107.549696,
                        15.634434
                    ],
                    [
                        107.549592,
                        15.634427
                    ],
                    [
                        107.549504,
                        15.634424
                    ],
                    [
                        107.549408,
                        15.634397
                    ],
                    [
                        107.549293,
                        15.634349
                    ],
                    [
                        107.549164,
                        15.634262
                    ],
                    [
                        107.549029,
                        15.634188
                    ],
                    [
                        107.548945,
                        15.634172
                    ],
                    [
                        107.548881,
                        15.634185
                    ],
                    [
                        107.548848,
                        15.634202
                    ],
                    [
                        107.548804,
                        15.634251
                    ],
                    [
                        107.54875,
                        15.634317
                    ],
                    [
                        107.548644,
                        15.634422
                    ],
                    [
                        107.548537,
                        15.634474
                    ],
                    [
                        107.548448,
                        15.634473
                    ],
                    [
                        107.548358,
                        15.634444
                    ],
                    [
                        107.548221,
                        15.634342
                    ],
                    [
                        107.548071,
                        15.634203
                    ],
                    [
                        107.547935,
                        15.634137
                    ],
                    [
                        107.547813,
                        15.634116
                    ],
                    [
                        107.547697,
                        15.634135
                    ],
                    [
                        107.547593,
                        15.634185
                    ],
                    [
                        107.547292,
                        15.634434
                    ],
                    [
                        107.547199,
                        15.634474
                    ],
                    [
                        107.547127,
                        15.63449
                    ],
                    [
                        107.547063,
                        15.634469
                    ],
                    [
                        107.546992,
                        15.634427
                    ],
                    [
                        107.546859,
                        15.634211
                    ],
                    [
                        107.546721,
                        15.633943
                    ],
                    [
                        107.546634,
                        15.633807
                    ],
                    [
                        107.546536,
                        15.633679
                    ],
                    [
                        107.546169,
                        15.633261
                    ],
                    [
                        107.545859,
                        15.632825
                    ],
                    [
                        107.545675,
                        15.632603
                    ],
                    [
                        107.545569,
                        15.632512
                    ],
                    [
                        107.545447,
                        15.632416
                    ],
                    [
                        107.545277,
                        15.632295
                    ],
                    [
                        107.545114,
                        15.632192
                    ],
                    [
                        107.54501,
                        15.632165
                    ],
                    [
                        107.544884,
                        15.632158
                    ],
                    [
                        107.544673,
                        15.632174
                    ],
                    [
                        107.54448,
                        15.632177
                    ],
                    [
                        107.544409,
                        15.63216
                    ],
                    [
                        107.544368,
                        15.632137
                    ],
                    [
                        107.54434,
                        15.63211
                    ],
                    [
                        107.544292,
                        15.63201
                    ],
                    [
                        107.54423,
                        15.631775
                    ],
                    [
                        107.544164,
                        15.631505
                    ],
                    [
                        107.54412,
                        15.631322
                    ],
                    [
                        107.544026,
                        15.631143
                    ],
                    [
                        107.543901,
                        15.630986
                    ],
                    [
                        107.543789,
                        15.630818
                    ],
                    [
                        107.543733,
                        15.630736
                    ],
                    [
                        107.543695,
                        15.63064
                    ],
                    [
                        107.543668,
                        15.630529
                    ],
                    [
                        107.543652,
                        15.630394
                    ],
                    [
                        107.543666,
                        15.630212
                    ],
                    [
                        107.543657,
                        15.630128
                    ],
                    [
                        107.543634,
                        15.630046
                    ],
                    [
                        107.543584,
                        15.629981
                    ],
                    [
                        107.543519,
                        15.62991
                    ],
                    [
                        107.543451,
                        15.629863
                    ],
                    [
                        107.543389,
                        15.629797
                    ],
                    [
                        107.54326,
                        15.629553
                    ],
                    [
                        107.543124,
                        15.629313
                    ],
                    [
                        107.543071,
                        15.629218
                    ],
                    [
                        107.543057,
                        15.629148
                    ],
                    [
                        107.543056,
                        15.629083
                    ],
                    [
                        107.543083,
                        15.628966
                    ],
                    [
                        107.543086,
                        15.628887
                    ],
                    [
                        107.543055,
                        15.628755
                    ],
                    [
                        107.543012,
                        15.628611
                    ],
                    [
                        107.542979,
                        15.628382
                    ],
                    [
                        107.542984,
                        15.628231
                    ],
                    [
                        107.543001,
                        15.627928
                    ],
                    [
                        107.543036,
                        15.627593
                    ],
                    [
                        107.543086,
                        15.627427
                    ],
                    [
                        107.543152,
                        15.627265
                    ],
                    [
                        107.543346,
                        15.626851
                    ],
                    [
                        107.543393,
                        15.626741
                    ],
                    [
                        107.543821,
                        15.625826
                    ],
                    [
                        107.544002,
                        15.625308
                    ],
                    [
                        107.544223,
                        15.624647
                    ],
                    [
                        107.544291,
                        15.624248
                    ],
                    [
                        107.544255,
                        15.623662
                    ],
                    [
                        107.544223,
                        15.622621
                    ],
                    [
                        107.54424,
                        15.622037
                    ],
                    [
                        107.544241,
                        15.621637
                    ],
                    [
                        107.544184,
                        15.621438
                    ],
                    [
                        107.544065,
                        15.62125
                    ],
                    [
                        107.54377,
                        15.620999
                    ],
                    [
                        107.543665,
                        15.620828
                    ],
                    [
                        107.54362,
                        15.620655
                    ],
                    [
                        107.543578,
                        15.620167
                    ],
                    [
                        107.543543,
                        15.619718
                    ],
                    [
                        107.543482,
                        15.619426
                    ],
                    [
                        107.543385,
                        15.619206
                    ],
                    [
                        107.543152,
                        15.618886
                    ],
                    [
                        107.542763,
                        15.618596
                    ],
                    [
                        107.542528,
                        15.618443
                    ],
                    [
                        107.542304,
                        15.618361
                    ],
                    [
                        107.542052,
                        15.618318
                    ],
                    [
                        107.541855,
                        15.618316
                    ],
                    [
                        107.54157,
                        15.61834
                    ],
                    [
                        107.540974,
                        15.61852
                    ],
                    [
                        107.540419,
                        15.618733
                    ],
                    [
                        107.540114,
                        15.61883
                    ],
                    [
                        107.539959,
                        15.618847
                    ],
                    [
                        107.539755,
                        15.618809
                    ],
                    [
                        107.539533,
                        15.618729
                    ],
                    [
                        107.539029,
                        15.618525
                    ],
                    [
                        107.538865,
                        15.618492
                    ],
                    [
                        107.53853,
                        15.618465
                    ],
                    [
                        107.538389,
                        15.618413
                    ],
                    [
                        107.538286,
                        15.618334
                    ],
                    [
                        107.537958,
                        15.617925
                    ],
                    [
                        107.537763,
                        15.617647
                    ],
                    [
                        107.53751,
                        15.617465
                    ],
                    [
                        107.537194,
                        15.617411
                    ],
                    [
                        107.535886,
                        15.617364
                    ],
                    [
                        107.535204,
                        15.617493
                    ],
                    [
                        107.534083,
                        15.617726
                    ],
                    [
                        107.533293,
                        15.617737
                    ],
                    [
                        107.533245,
                        15.617736
                    ],
                    [
                        107.532592,
                        15.617845
                    ],
                    [
                        107.532074,
                        15.618042
                    ],
                    [
                        107.53197,
                        15.618113
                    ],
                    [
                        107.531696,
                        15.618408
                    ],
                    [
                        107.531578,
                        15.618523
                    ],
                    [
                        107.531433,
                        15.618638
                    ],
                    [
                        107.531084,
                        15.618837
                    ],
                    [
                        107.530419,
                        15.619069
                    ],
                    [
                        107.530074,
                        15.61908
                    ],
                    [
                        107.529774,
                        15.618987
                    ],
                    [
                        107.529506,
                        15.618824
                    ],
                    [
                        107.529328,
                        15.618764
                    ],
                    [
                        107.529156,
                        15.618753
                    ],
                    [
                        107.52893,
                        15.618795
                    ],
                    [
                        107.52856,
                        15.618934
                    ],
                    [
                        107.528351,
                        15.618966
                    ],
                    [
                        107.527014,
                        15.619038
                    ],
                    [
                        107.526439,
                        15.618956
                    ],
                    [
                        107.526042,
                        15.618914
                    ],
                    [
                        107.524433,
                        15.619085
                    ],
                    [
                        107.52377,
                        15.619165
                    ],
                    [
                        107.521992,
                        15.619379
                    ],
                    [
                        107.52137,
                        15.619431
                    ],
                    [
                        107.520753,
                        15.6194
                    ],
                    [
                        107.520398,
                        15.619406
                    ],
                    [
                        107.52006,
                        15.619513
                    ],
                    [
                        107.519823,
                        15.619572
                    ],
                    [
                        107.519579,
                        15.619556
                    ],
                    [
                        107.519352,
                        15.619467
                    ],
                    [
                        107.519044,
                        15.619245
                    ],
                    [
                        107.518875,
                        15.619172
                    ],
                    [
                        107.518676,
                        15.619147
                    ],
                    [
                        107.51814,
                        15.619157
                    ],
                    [
                        107.517518,
                        15.619162
                    ],
                    [
                        107.517223,
                        15.619219
                    ],
                    [
                        107.516488,
                        15.619555
                    ],
                    [
                        107.516288,
                        15.619613
                    ],
                    [
                        107.516079,
                        15.619602
                    ],
                    [
                        107.515887,
                        15.619524
                    ],
                    [
                        107.515576,
                        15.619328
                    ],
                    [
                        107.515428,
                        15.619192
                    ],
                    [
                        107.515243,
                        15.619111
                    ],
                    [
                        107.515039,
                        15.619095
                    ],
                    [
                        107.514557,
                        15.619276
                    ],
                    [
                        107.514447,
                        15.619319
                    ],
                    [
                        107.514297,
                        15.61935
                    ],
                    [
                        107.514085,
                        15.619339
                    ],
                    [
                        107.513886,
                        15.619265
                    ],
                    [
                        107.513591,
                        15.619064
                    ],
                    [
                        107.513403,
                        15.618994
                    ],
                    [
                        107.513203,
                        15.618979
                    ],
                    [
                        107.513006,
                        15.619017
                    ],
                    [
                        107.512363,
                        15.619229
                    ],
                    [
                        107.511558,
                        15.619601
                    ],
                    [
                        107.510874,
                        15.61988
                    ],
                    [
                        107.510621,
                        15.619962
                    ],
                    [
                        107.510422,
                        15.619987
                    ],
                    [
                        107.510143,
                        15.619968
                    ],
                    [
                        107.509621,
                        15.619891
                    ],
                    [
                        107.509295,
                        15.619883
                    ],
                    [
                        107.508811,
                        15.619932
                    ],
                    [
                        107.508259,
                        15.619978
                    ],
                    [
                        107.507728,
                        15.61993
                    ],
                    [
                        107.507215,
                        15.619883
                    ],
                    [
                        107.506848,
                        15.619849
                    ],
                    [
                        107.506478,
                        15.619767
                    ],
                    [
                        107.506449,
                        15.619743
                    ],
                    [
                        107.50633,
                        15.619647
                    ],
                    [
                        107.506223,
                        15.619493
                    ],
                    [
                        107.506163,
                        15.619317
                    ],
                    [
                        107.506156,
                        15.619131
                    ],
                    [
                        107.506113,
                        15.618583
                    ],
                    [
                        107.506117,
                        15.618437
                    ],
                    [
                        107.50608,
                        15.618294
                    ],
                    [
                        107.506006,
                        15.618166
                    ],
                    [
                        107.505899,
                        15.618062
                    ],
                    [
                        107.505276,
                        15.6177
                    ],
                    [
                        107.505013,
                        15.617593
                    ],
                    [
                        107.50473,
                        15.617547
                    ],
                    [
                        107.504445,
                        15.617566
                    ],
                    [
                        107.50407,
                        15.617551
                    ],
                    [
                        107.503721,
                        15.617421
                    ],
                    [
                        107.502996,
                        15.616842
                    ],
                    [
                        107.502811,
                        15.616759
                    ],
                    [
                        107.502608,
                        15.616734
                    ],
                    [
                        107.502406,
                        15.61677
                    ],
                    [
                        107.502095,
                        15.616768
                    ],
                    [
                        107.501789,
                        15.616708
                    ],
                    [
                        107.500942,
                        15.616259
                    ],
                    [
                        107.500786,
                        15.616124
                    ],
                    [
                        107.500751,
                        15.61606
                    ],
                    [
                        107.500421,
                        15.615453
                    ],
                    [
                        107.500324,
                        15.615313
                    ],
                    [
                        107.50019,
                        15.615205
                    ],
                    [
                        107.50003,
                        15.615137
                    ],
                    [
                        107.499953,
                        15.615124
                    ],
                    [
                        107.499944,
                        15.615123
                    ],
                    [
                        107.499739,
                        15.615085
                    ],
                    [
                        107.499316,
                        15.615013
                    ],
                    [
                        107.499055,
                        15.614972
                    ],
                    [
                        107.498873,
                        15.614975
                    ],
                    [
                        107.498699,
                        15.615029
                    ],
                    [
                        107.49842,
                        15.61521
                    ],
                    [
                        107.498288,
                        15.615297
                    ],
                    [
                        107.498134,
                        15.615343
                    ],
                    [
                        107.497974,
                        15.615344
                    ],
                    [
                        107.49782,
                        15.6153
                    ],
                    [
                        107.497686,
                        15.615215
                    ],
                    [
                        107.497096,
                        15.614693
                    ],
                    [
                        107.496951,
                        15.614607
                    ],
                    [
                        107.496787,
                        15.614568
                    ],
                    [
                        107.496618,
                        15.614579
                    ],
                    [
                        107.496103,
                        15.614771
                    ],
                    [
                        107.495154,
                        15.615086
                    ],
                    [
                        107.494741,
                        15.615127
                    ],
                    [
                        107.493824,
                        15.614836
                    ],
                    [
                        107.493163,
                        15.614626
                    ],
                    [
                        107.492509,
                        15.614197
                    ],
                    [
                        107.492445,
                        15.614153
                    ],
                    [
                        107.491404,
                        15.613433
                    ],
                    [
                        107.491173,
                        15.613302
                    ],
                    [
                        107.490915,
                        15.613233
                    ],
                    [
                        107.490647,
                        15.613231
                    ],
                    [
                        107.490494,
                        15.613209
                    ],
                    [
                        107.490352,
                        15.613148
                    ],
                    [
                        107.490232,
                        15.613054
                    ],
                    [
                        107.490143,
                        15.612931
                    ],
                    [
                        107.490099,
                        15.61287
                    ],
                    [
                        107.489811,
                        15.612467
                    ],
                    [
                        107.489714,
                        15.611991
                    ],
                    [
                        107.489714,
                        15.611635
                    ],
                    [
                        107.489723,
                        15.611449
                    ],
                    [
                        107.489677,
                        15.611268
                    ],
                    [
                        107.48958,
                        15.611108
                    ],
                    [
                        107.489203,
                        15.610649
                    ],
                    [
                        107.488974,
                        15.61041
                    ],
                    [
                        107.488309,
                        15.609718
                    ],
                    [
                        107.487686,
                        15.609506
                    ],
                    [
                        107.487547,
                        15.609439
                    ],
                    [
                        107.487423,
                        15.609325
                    ],
                    [
                        107.487026,
                        15.6087
                    ],
                    [
                        107.486817,
                        15.608483
                    ],
                    [
                        107.486714,
                        15.608395
                    ],
                    [
                        107.486259,
                        15.608008
                    ],
                    [
                        107.486029,
                        15.607832
                    ],
                    [
                        107.485272,
                        15.606664
                    ],
                    [
                        107.485175,
                        15.606483
                    ],
                    [
                        107.485133,
                        15.606284
                    ],
                    [
                        107.485149,
                        15.606081
                    ],
                    [
                        107.485326,
                        15.605037
                    ],
                    [
                        107.485347,
                        15.604665
                    ],
                    [
                        107.484983,
                        15.603926
                    ],
                    [
                        107.484709,
                        15.603637
                    ],
                    [
                        107.483212,
                        15.60218
                    ],
                    [
                        107.482789,
                        15.60204
                    ],
                    [
                        107.482381,
                        15.601947
                    ],
                    [
                        107.482059,
                        15.601963
                    ],
                    [
                        107.481421,
                        15.602076
                    ],
                    [
                        107.48123,
                        15.602101
                    ],
                    [
                        107.481042,
                        15.602065
                    ],
                    [
                        107.480876,
                        15.601971
                    ],
                    [
                        107.480751,
                        15.60183
                    ],
                    [
                        107.48068,
                        15.601658
                    ],
                    [
                        107.480664,
                        15.60109
                    ],
                    [
                        107.48065,
                        15.600858
                    ],
                    [
                        107.480561,
                        15.600642
                    ],
                    [
                        107.48042,
                        15.60048
                    ],
                    [
                        107.480487,
                        15.600464
                    ],
                    [
                        107.480101,
                        15.600283
                    ],
                    [
                        107.479184,
                        15.599772
                    ],
                    [
                        107.47894,
                        15.599603
                    ],
                    [
                        107.47847,
                        15.599276
                    ],
                    [
                        107.478242,
                        15.599145
                    ],
                    [
                        107.477984,
                        15.599083
                    ],
                    [
                        107.477719,
                        15.599095
                    ],
                    [
                        107.477317,
                        15.599374
                    ],
                    [
                        107.477156,
                        15.599482
                    ],
                    [
                        107.476971,
                        15.599543
                    ],
                    [
                        107.476775,
                        15.599555
                    ],
                    [
                        107.475895,
                        15.59955
                    ],
                    [
                        107.475439,
                        15.599596
                    ],
                    [
                        107.473835,
                        15.600134
                    ],
                    [
                        107.473438,
                        15.600438
                    ],
                    [
                        107.473213,
                        15.600541
                    ],
                    [
                        107.472968,
                        15.600584
                    ],
                    [
                        107.471872,
                        15.600485
                    ],
                    [
                        107.471631,
                        15.600387
                    ],
                    [
                        107.471546,
                        15.600324
                    ],
                    [
                        107.471361,
                        15.600192
                    ],
                    [
                        107.470995,
                        15.599911
                    ],
                    [
                        107.470819,
                        15.599843
                    ],
                    [
                        107.47063,
                        15.599827
                    ],
                    [
                        107.470437,
                        15.599872
                    ],
                    [
                        107.469807,
                        15.600087
                    ],
                    [
                        107.46964,
                        15.60015
                    ],
                    [
                        107.469506,
                        15.600263
                    ],
                    [
                        107.469433,
                        15.600388
                    ],
                    [
                        107.469418,
                        15.600414
                    ],
                    [
                        107.469388,
                        15.600583
                    ],
                    [
                        107.469408,
                        15.601159
                    ],
                    [
                        107.469227,
                        15.602216
                    ],
                    [
                        107.469175,
                        15.602383
                    ],
                    [
                        107.469071,
                        15.602526
                    ],
                    [
                        107.468927,
                        15.602631
                    ],
                    [
                        107.468756,
                        15.602688
                    ],
                    [
                        107.468574,
                        15.602691
                    ],
                    [
                        107.468401,
                        15.60264
                    ],
                    [
                        107.467752,
                        15.60249
                    ],
                    [
                        107.466829,
                        15.602355
                    ],
                    [
                        107.465955,
                        15.601916
                    ],
                    [
                        107.465574,
                        15.601601
                    ],
                    [
                        107.465231,
                        15.60125
                    ],
                    [
                        107.464889,
                        15.601106
                    ],
                    [
                        107.46452,
                        15.601062
                    ],
                    [
                        107.464153,
                        15.601121
                    ],
                    [
                        107.463979,
                        15.601114
                    ],
                    [
                        107.463815,
                        15.601056
                    ],
                    [
                        107.463678,
                        15.600952
                    ],
                    [
                        107.46358,
                        15.600814
                    ],
                    [
                        107.463531,
                        15.600653
                    ],
                    [
                        107.463536,
                        15.600485
                    ],
                    [
                        107.463745,
                        15.599348
                    ],
                    [
                        107.463648,
                        15.599059
                    ],
                    [
                        107.463375,
                        15.598573
                    ],
                    [
                        107.463198,
                        15.598431
                    ],
                    [
                        107.462988,
                        15.598341
                    ],
                    [
                        107.462581,
                        15.59832
                    ],
                    [
                        107.461653,
                        15.598336
                    ],
                    [
                        107.461277,
                        15.598444
                    ],
                    [
                        107.460859,
                        15.59878
                    ],
                    [
                        107.460698,
                        15.599121
                    ],
                    [
                        107.460634,
                        15.599617
                    ],
                    [
                        107.460628,
                        15.599714
                    ],
                    [
                        107.460653,
                        15.599808
                    ],
                    [
                        107.460706,
                        15.599891
                    ],
                    [
                        107.460782,
                        15.599955
                    ],
                    [
                        107.460875,
                        15.599994
                    ],
                    [
                        107.461336,
                        15.600103
                    ],
                    [
                        107.46139,
                        15.600144
                    ],
                    [
                        107.461428,
                        15.600199
                    ],
                    [
                        107.461447,
                        15.600262
                    ],
                    [
                        107.461446,
                        15.600328
                    ],
                    [
                        107.461425,
                        15.600391
                    ],
                    [
                        107.461386,
                        15.600445
                    ],
                    [
                        107.461331,
                        15.600485
                    ],
                    [
                        107.461181,
                        15.600542
                    ],
                    [
                        107.460883,
                        15.600625
                    ],
                    [
                        107.460639,
                        15.600767
                    ],
                    [
                        107.460459,
                        15.600922
                    ],
                    [
                        107.460325,
                        15.6011
                    ],
                    [
                        107.460238,
                        15.601303
                    ],
                    [
                        107.460059,
                        15.601974
                    ],
                    [
                        107.460015,
                        15.602048
                    ],
                    [
                        107.459961,
                        15.602096
                    ],
                    [
                        107.459881,
                        15.602119
                    ],
                    [
                        107.459802,
                        15.60212
                    ],
                    [
                        107.459404,
                        15.602055
                    ],
                    [
                        107.459249,
                        15.602074
                    ],
                    [
                        107.458847,
                        15.602229
                    ],
                    [
                        107.458568,
                        15.602312
                    ],
                    [
                        107.458434,
                        15.602322
                    ],
                    [
                        107.457922,
                        15.602286
                    ],
                    [
                        107.457754,
                        15.602311
                    ],
                    [
                        107.457619,
                        15.602379
                    ],
                    [
                        107.457211,
                        15.602696
                    ],
                    [
                        107.457086,
                        15.602782
                    ],
                    [
                        107.456941,
                        15.602832
                    ],
                    [
                        107.456787,
                        15.602841
                    ],
                    [
                        107.455747,
                        15.602712
                    ],
                    [
                        107.455567,
                        15.602671
                    ],
                    [
                        107.455415,
                        15.602604
                    ],
                    [
                        107.455287,
                        15.602487
                    ],
                    [
                        107.455198,
                        15.60234
                    ],
                    [
                        107.455156,
                        15.602175
                    ],
                    [
                        107.454966,
                        15.601255
                    ],
                    [
                        107.454942,
                        15.6012
                    ],
                    [
                        107.454881,
                        15.601067
                    ],
                    [
                        107.454783,
                        15.600971
                    ],
                    [
                        107.454662,
                        15.600904
                    ],
                    [
                        107.45456,
                        15.600879
                    ],
                    [
                        107.454526,
                        15.60087
                    ],
                    [
                        107.454235,
                        15.600867
                    ],
                    [
                        107.453348,
                        15.60088
                    ],
                    [
                        107.452838,
                        15.600877
                    ],
                    [
                        107.452536,
                        15.600886
                    ],
                    [
                        107.451503,
                        15.600934
                    ],
                    [
                        107.45137,
                        15.600963
                    ],
                    [
                        107.451234,
                        15.601019
                    ],
                    [
                        107.451125,
                        15.601099
                    ],
                    [
                        107.451031,
                        15.601225
                    ],
                    [
                        107.450835,
                        15.601653
                    ],
                    [
                        107.450642,
                        15.602035
                    ],
                    [
                        107.450528,
                        15.602202
                    ],
                    [
                        107.450347,
                        15.602346
                    ],
                    [
                        107.450009,
                        15.602517
                    ],
                    [
                        107.449805,
                        15.602581
                    ],
                    [
                        107.449606,
                        15.602607
                    ],
                    [
                        107.449516,
                        15.602592
                    ],
                    [
                        107.44938,
                        15.60255
                    ],
                    [
                        107.449294,
                        15.602485
                    ],
                    [
                        107.449248,
                        15.602398
                    ],
                    [
                        107.449233,
                        15.602288
                    ],
                    [
                        107.449244,
                        15.602207
                    ],
                    [
                        107.449288,
                        15.602127
                    ],
                    [
                        107.449361,
                        15.602062
                    ],
                    [
                        107.449575,
                        15.601903
                    ],
                    [
                        107.449645,
                        15.601823
                    ],
                    [
                        107.449676,
                        15.601746
                    ],
                    [
                        107.449683,
                        15.601652
                    ],
                    [
                        107.449648,
                        15.601423
                    ],
                    [
                        107.449657,
                        15.60132
                    ],
                    [
                        107.449686,
                        15.60124
                    ],
                    [
                        107.449759,
                        15.601168
                    ],
                    [
                        107.450026,
                        15.601054
                    ],
                    [
                        107.450151,
                        15.601001
                    ],
                    [
                        107.450223,
                        15.600948
                    ],
                    [
                        107.450296,
                        15.600867
                    ],
                    [
                        107.45083,
                        15.599844
                    ],
                    [
                        107.450897,
                        15.599705
                    ],
                    [
                        107.450904,
                        15.599564
                    ],
                    [
                        107.450865,
                        15.599439
                    ],
                    [
                        107.45078,
                        15.59935
                    ],
                    [
                        107.450687,
                        15.599282
                    ],
                    [
                        107.450269,
                        15.599124
                    ],
                    [
                        107.450139,
                        15.599091
                    ],
                    [
                        107.450087,
                        15.599063
                    ],
                    [
                        107.450044,
                        15.599021
                    ],
                    [
                        107.450017,
                        15.598945
                    ],
                    [
                        107.449984,
                        15.598838
                    ],
                    [
                        107.449957,
                        15.598672
                    ],
                    [
                        107.449915,
                        15.598336
                    ],
                    [
                        107.449883,
                        15.598239
                    ],
                    [
                        107.44983,
                        15.598182
                    ],
                    [
                        107.449746,
                        15.598159
                    ],
                    [
                        107.449623,
                        15.598152
                    ],
                    [
                        107.449433,
                        15.598206
                    ],
                    [
                        107.449217,
                        15.598314
                    ],
                    [
                        107.448902,
                        15.598396
                    ],
                    [
                        107.448539,
                        15.598414
                    ],
                    [
                        107.448408,
                        15.59841
                    ],
                    [
                        107.44825,
                        15.598358
                    ],
                    [
                        107.448059,
                        15.598259
                    ],
                    [
                        107.447748,
                        15.598134
                    ],
                    [
                        107.44763,
                        15.598103
                    ],
                    [
                        107.447528,
                        15.598103
                    ],
                    [
                        107.447366,
                        15.598135
                    ],
                    [
                        107.447256,
                        15.598194
                    ],
                    [
                        107.447193,
                        15.598296
                    ],
                    [
                        107.447178,
                        15.59843
                    ],
                    [
                        107.447236,
                        15.599133
                    ],
                    [
                        107.447201,
                        15.599235
                    ],
                    [
                        107.447137,
                        15.599295
                    ],
                    [
                        107.44705,
                        15.599344
                    ],
                    [
                        107.44606,
                        15.599698
                    ],
                    [
                        107.445898,
                        15.599824
                    ],
                    [
                        107.44582,
                        15.599923
                    ],
                    [
                        107.44577,
                        15.600033
                    ],
                    [
                        107.44572,
                        15.600438
                    ],
                    [
                        107.445635,
                        15.600986
                    ],
                    [
                        107.44557,
                        15.60114
                    ],
                    [
                        107.445313,
                        15.601555
                    ],
                    [
                        107.445228,
                        15.60175
                    ],
                    [
                        107.445093,
                        15.602159
                    ],
                    [
                        107.444863,
                        15.602509
                    ],
                    [
                        107.444631,
                        15.602702
                    ],
                    [
                        107.444294,
                        15.602831
                    ],
                    [
                        107.442647,
                        15.603058
                    ],
                    [
                        107.441879,
                        15.603266
                    ],
                    [
                        107.441745,
                        15.603285
                    ],
                    [
                        107.441575,
                        15.603271
                    ],
                    [
                        107.441417,
                        15.603203
                    ],
                    [
                        107.441147,
                        15.603092
                    ],
                    [
                        107.441072,
                        15.603074
                    ],
                    [
                        107.440965,
                        15.603081
                    ],
                    [
                        107.440833,
                        15.603128
                    ],
                    [
                        107.44074,
                        15.603229
                    ],
                    [
                        107.44063,
                        15.603407
                    ],
                    [
                        107.440404,
                        15.603637
                    ],
                    [
                        107.440005,
                        15.603872
                    ],
                    [
                        107.439651,
                        15.604006
                    ],
                    [
                        107.439498,
                        15.604024
                    ],
                    [
                        107.439396,
                        15.603988
                    ],
                    [
                        107.439296,
                        15.603898
                    ],
                    [
                        107.438913,
                        15.603595
                    ],
                    [
                        107.438575,
                        15.603239
                    ],
                    [
                        107.438232,
                        15.602892
                    ],
                    [
                        107.438135,
                        15.602668
                    ],
                    [
                        107.438125,
                        15.602424
                    ],
                    [
                        107.438068,
                        15.602035
                    ],
                    [
                        107.437896,
                        15.601366
                    ],
                    [
                        107.437497,
                        15.600198
                    ],
                    [
                        107.437371,
                        15.599909
                    ],
                    [
                        107.437347,
                        15.599661
                    ],
                    [
                        107.437365,
                        15.599271
                    ],
                    [
                        107.437357,
                        15.598702
                    ],
                    [
                        107.437333,
                        15.59832
                    ],
                    [
                        107.43736,
                        15.598165
                    ],
                    [
                        107.437454,
                        15.597873
                    ],
                    [
                        107.43765,
                        15.597571
                    ],
                    [
                        107.437837,
                        15.597326
                    ],
                    [
                        107.437953,
                        15.597245
                    ],
                    [
                        107.438143,
                        15.597191
                    ],
                    [
                        107.438755,
                        15.597132
                    ],
                    [
                        107.43887,
                        15.59707
                    ],
                    [
                        107.438918,
                        15.596961
                    ],
                    [
                        107.43894,
                        15.596832
                    ],
                    [
                        107.438905,
                        15.596729
                    ],
                    [
                        107.438779,
                        15.596602
                    ],
                    [
                        107.438613,
                        15.596558
                    ],
                    [
                        107.438422,
                        15.596581
                    ],
                    [
                        107.43787,
                        15.59684
                    ],
                    [
                        107.437564,
                        15.59693
                    ],
                    [
                        107.436762,
                        15.596951
                    ],
                    [
                        107.436494,
                        15.596987
                    ],
                    [
                        107.435496,
                        15.597305
                    ],
                    [
                        107.435292,
                        15.597359
                    ],
                    [
                        107.435069,
                        15.597378
                    ],
                    [
                        107.434903,
                        15.597367
                    ],
                    [
                        107.434608,
                        15.597313
                    ],
                    [
                        107.434379,
                        15.59724
                    ],
                    [
                        107.434219,
                        15.597142
                    ],
                    [
                        107.434123,
                        15.597054
                    ],
                    [
                        107.433884,
                        15.596799
                    ],
                    [
                        107.433581,
                        15.596572
                    ],
                    [
                        107.433173,
                        15.596331
                    ],
                    [
                        107.43302,
                        15.596264
                    ],
                    [
                        107.432881,
                        15.596153
                    ],
                    [
                        107.432722,
                        15.596003
                    ],
                    [
                        107.432457,
                        15.595703
                    ],
                    [
                        107.432242,
                        15.595484
                    ],
                    [
                        107.431977,
                        15.59522
                    ],
                    [
                        107.431786,
                        15.595039
                    ],
                    [
                        107.431682,
                        15.59498
                    ],
                    [
                        107.431561,
                        15.594946
                    ],
                    [
                        107.431419,
                        15.594933
                    ],
                    [
                        107.43121,
                        15.594977
                    ],
                    [
                        107.430992,
                        15.595031
                    ],
                    [
                        107.430539,
                        15.595111
                    ],
                    [
                        107.430206,
                        15.595181
                    ],
                    [
                        107.430013,
                        15.595179
                    ],
                    [
                        107.429745,
                        15.595135
                    ],
                    [
                        107.429431,
                        15.594988
                    ],
                    [
                        107.429217,
                        15.59485
                    ],
                    [
                        107.429109,
                        15.594701
                    ],
                    [
                        107.429045,
                        15.594471
                    ],
                    [
                        107.428892,
                        15.593122
                    ],
                    [
                        107.42886,
                        15.593008
                    ],
                    [
                        107.428589,
                        15.592435
                    ],
                    [
                        107.428456,
                        15.592266
                    ],
                    [
                        107.428341,
                        15.592203
                    ],
                    [
                        107.428219,
                        15.592187
                    ],
                    [
                        107.428074,
                        15.592203
                    ],
                    [
                        107.427954,
                        15.592267
                    ],
                    [
                        107.427811,
                        15.592394
                    ],
                    [
                        107.427648,
                        15.592624
                    ],
                    [
                        107.427496,
                        15.592808
                    ],
                    [
                        107.427323,
                        15.592949
                    ],
                    [
                        107.427189,
                        15.592967
                    ],
                    [
                        107.427068,
                        15.592947
                    ],
                    [
                        107.426993,
                        15.592877
                    ],
                    [
                        107.426934,
                        15.592763
                    ],
                    [
                        107.426932,
                        15.592546
                    ],
                    [
                        107.426969,
                        15.592311
                    ],
                    [
                        107.42709,
                        15.592053
                    ],
                    [
                        107.427154,
                        15.591947
                    ],
                    [
                        107.427192,
                        15.591846
                    ],
                    [
                        107.427196,
                        15.591736
                    ],
                    [
                        107.42716,
                        15.59165
                    ],
                    [
                        107.427076,
                        15.591564
                    ],
                    [
                        107.426907,
                        15.591412
                    ],
                    [
                        107.426658,
                        15.59121
                    ],
                    [
                        107.426532,
                        15.591043
                    ],
                    [
                        107.426414,
                        15.590758
                    ],
                    [
                        107.426333,
                        15.590627
                    ],
                    [
                        107.426194,
                        15.590536
                    ],
                    [
                        107.426046,
                        15.590492
                    ],
                    [
                        107.425802,
                        15.590502
                    ],
                    [
                        107.425507,
                        15.590523
                    ],
                    [
                        107.425183,
                        15.590532
                    ],
                    [
                        107.424979,
                        15.59053
                    ],
                    [
                        107.424756,
                        15.590471
                    ],
                    [
                        107.424558,
                        15.59039
                    ],
                    [
                        107.424153,
                        15.590208
                    ],
                    [
                        107.423957,
                        15.590041
                    ],
                    [
                        107.423591,
                        15.58974
                    ],
                    [
                        107.423356,
                        15.589534
                    ],
                    [
                        107.423025,
                        15.5891
                    ],
                    [
                        107.422907,
                        15.588929
                    ],
                    [
                        107.42284,
                        15.588804
                    ],
                    [
                        107.422831,
                        15.588671
                    ],
                    [
                        107.422834,
                        15.588477
                    ],
                    [
                        107.422877,
                        15.588348
                    ],
                    [
                        107.422932,
                        15.588155
                    ],
                    [
                        107.422983,
                        15.587881
                    ],
                    [
                        107.423029,
                        15.587594
                    ],
                    [
                        107.423139,
                        15.587132
                    ],
                    [
                        107.423265,
                        15.586736
                    ],
                    [
                        107.423337,
                        15.586255
                    ],
                    [
                        107.423241,
                        15.585704
                    ],
                    [
                        107.423193,
                        15.585343
                    ],
                    [
                        107.423195,
                        15.585149
                    ],
                    [
                        107.423308,
                        15.584452
                    ],
                    [
                        107.423292,
                        15.584274
                    ],
                    [
                        107.423257,
                        15.584183
                    ],
                    [
                        107.423168,
                        15.584093
                    ],
                    [
                        107.423091,
                        15.584023
                    ],
                    [
                        107.422965,
                        15.583951
                    ],
                    [
                        107.422747,
                        15.583907
                    ],
                    [
                        107.422428,
                        15.583914
                    ],
                    [
                        107.421977,
                        15.583908
                    ],
                    [
                        107.421766,
                        15.583885
                    ],
                    [
                        107.421559,
                        15.583829
                    ],
                    [
                        107.421414,
                        15.583765
                    ],
                    [
                        107.421221,
                        15.583625
                    ],
                    [
                        107.419912,
                        15.5827
                    ],
                    [
                        107.419674,
                        15.582575
                    ],
                    [
                        107.419456,
                        15.582508
                    ],
                    [
                        107.419226,
                        15.582493
                    ],
                    [
                        107.419049,
                        15.582501
                    ],
                    [
                        107.418348,
                        15.582698
                    ],
                    [
                        107.41797,
                        15.582736
                    ],
                    [
                        107.417337,
                        15.582607
                    ],
                    [
                        107.417144,
                        15.582499
                    ],
                    [
                        107.416962,
                        15.582354
                    ],
                    [
                        107.416738,
                        15.582097
                    ],
                    [
                        107.416526,
                        15.581775
                    ],
                    [
                        107.416307,
                        15.581174
                    ],
                    [
                        107.416167,
                        15.580801
                    ],
                    [
                        107.416053,
                        15.580619
                    ],
                    [
                        107.415708,
                        15.58023
                    ],
                    [
                        107.415496,
                        15.580031
                    ],
                    [
                        107.415209,
                        15.579809
                    ],
                    [
                        107.414195,
                        15.579265
                    ],
                    [
                        107.41406,
                        15.579226
                    ],
                    [
                        107.413923,
                        15.579225
                    ],
                    [
                        107.413759,
                        15.579248
                    ],
                    [
                        107.413394,
                        15.579352
                    ],
                    [
                        107.413266,
                        15.579352
                    ],
                    [
                        107.413148,
                        15.579336
                    ],
                    [
                        107.413046,
                        15.57929
                    ],
                    [
                        107.412938,
                        15.579228
                    ],
                    [
                        107.412869,
                        15.57915
                    ],
                    [
                        107.4126,
                        15.578747
                    ],
                    [
                        107.412539,
                        15.578591
                    ],
                    [
                        107.412493,
                        15.578432
                    ],
                    [
                        107.412475,
                        15.578179
                    ],
                    [
                        107.412499,
                        15.577683
                    ],
                    [
                        107.412516,
                        15.577556
                    ],
                    [
                        107.412526,
                        15.577448
                    ],
                    [
                        107.412516,
                        15.577322
                    ],
                    [
                        107.412477,
                        15.577229
                    ],
                    [
                        107.412438,
                        15.577173
                    ],
                    [
                        107.412248,
                        15.577075
                    ],
                    [
                        107.412146,
                        15.577041
                    ],
                    [
                        107.412053,
                        15.576991
                    ],
                    [
                        107.411992,
                        15.576939
                    ],
                    [
                        107.411907,
                        15.576815
                    ],
                    [
                        107.411782,
                        15.576378
                    ],
                    [
                        107.41163,
                        15.575884
                    ],
                    [
                        107.411503,
                        15.575561
                    ],
                    [
                        107.411332,
                        15.575359
                    ],
                    [
                        107.410987,
                        15.575056
                    ],
                    [
                        107.410838,
                        15.574941
                    ],
                    [
                        107.410624,
                        15.574841
                    ],
                    [
                        107.410499,
                        15.574776
                    ],
                    [
                        107.410436,
                        15.574722
                    ],
                    [
                        107.410385,
                        15.574647
                    ],
                    [
                        107.410377,
                        15.574569
                    ],
                    [
                        107.410393,
                        15.574427
                    ],
                    [
                        107.410416,
                        15.574226
                    ],
                    [
                        107.410404,
                        15.574094
                    ],
                    [
                        107.410339,
                        15.573895
                    ],
                    [
                        107.410213,
                        15.573574
                    ],
                    [
                        107.410138,
                        15.573283
                    ],
                    [
                        107.410109,
                        15.573172
                    ],
                    [
                        107.410051,
                        15.573055
                    ],
                    [
                        107.409934,
                        15.572942
                    ],
                    [
                        107.409752,
                        15.57282
                    ],
                    [
                        107.409681,
                        15.572762
                    ],
                    [
                        107.4096,
                        15.572662
                    ],
                    [
                        107.409562,
                        15.572548
                    ],
                    [
                        107.409489,
                        15.572259
                    ],
                    [
                        107.409401,
                        15.572102
                    ],
                    [
                        107.409264,
                        15.571947
                    ],
                    [
                        107.409043,
                        15.571754
                    ],
                    [
                        107.408862,
                        15.571664
                    ],
                    [
                        107.408674,
                        15.57161
                    ],
                    [
                        107.408207,
                        15.571523
                    ],
                    [
                        107.408094,
                        15.571477
                    ],
                    [
                        107.407845,
                        15.571333
                    ],
                    [
                        107.407716,
                        15.571212
                    ],
                    [
                        107.407106,
                        15.570512
                    ],
                    [
                        107.40685,
                        15.570247
                    ],
                    [
                        107.406265,
                        15.569844
                    ],
                    [
                        107.40602,
                        15.569603
                    ],
                    [
                        107.405911,
                        15.569416
                    ],
                    [
                        107.405847,
                        15.569203
                    ],
                    [
                        107.405825,
                        15.568992
                    ],
                    [
                        107.405849,
                        15.568837
                    ],
                    [
                        107.405883,
                        15.56873
                    ],
                    [
                        107.405924,
                        15.568646
                    ],
                    [
                        107.406207,
                        15.568395
                    ],
                    [
                        107.406291,
                        15.56828
                    ],
                    [
                        107.406335,
                        15.568164
                    ],
                    [
                        107.40634,
                        15.568013
                    ],
                    [
                        107.406283,
                        15.567742
                    ],
                    [
                        107.406226,
                        15.56756
                    ],
                    [
                        107.406193,
                        15.567349
                    ],
                    [
                        107.406186,
                        15.567014
                    ],
                    [
                        107.406156,
                        15.566649
                    ],
                    [
                        107.406068,
                        15.566388
                    ],
                    [
                        107.405934,
                        15.566177
                    ],
                    [
                        107.405755,
                        15.565983
                    ],
                    [
                        107.405505,
                        15.565635
                    ],
                    [
                        107.405448,
                        15.565476
                    ],
                    [
                        107.405434,
                        15.565358
                    ],
                    [
                        107.405434,
                        15.565239
                    ],
                    [
                        107.40545,
                        15.564781
                    ],
                    [
                        107.405486,
                        15.564533
                    ],
                    [
                        107.405556,
                        15.564291
                    ],
                    [
                        107.405749,
                        15.563721
                    ],
                    [
                        107.405757,
                        15.563494
                    ],
                    [
                        107.405734,
                        15.563274
                    ],
                    [
                        107.405654,
                        15.562971
                    ],
                    [
                        107.405493,
                        15.562626
                    ],
                    [
                        107.405314,
                        15.562369
                    ],
                    [
                        107.404939,
                        15.561932
                    ],
                    [
                        107.404601,
                        15.561552
                    ],
                    [
                        107.404371,
                        15.561296
                    ],
                    [
                        107.403964,
                        15.560804
                    ],
                    [
                        107.403857,
                        15.560686
                    ],
                    [
                        107.403607,
                        15.560529
                    ],
                    [
                        107.403293,
                        15.560425
                    ],
                    [
                        107.40297,
                        15.560351
                    ],
                    [
                        107.402542,
                        15.560211
                    ],
                    [
                        107.402242,
                        15.560171
                    ],
                    [
                        107.40212,
                        15.560132
                    ],
                    [
                        107.401992,
                        15.56007
                    ],
                    [
                        107.401911,
                        15.559991
                    ],
                    [
                        107.401842,
                        15.559879
                    ],
                    [
                        107.401668,
                        15.559601
                    ],
                    [
                        107.401518,
                        15.559431
                    ],
                    [
                        107.401405,
                        15.559367
                    ],
                    [
                        107.401268,
                        15.559344
                    ],
                    [
                        107.40111,
                        15.55936
                    ],
                    [
                        107.400948,
                        15.559419
                    ],
                    [
                        107.400752,
                        15.559511
                    ],
                    [
                        107.40064,
                        15.559528
                    ],
                    [
                        107.400443,
                        15.559525
                    ],
                    [
                        107.400151,
                        15.55948
                    ],
                    [
                        107.399019,
                        15.559439
                    ],
                    [
                        107.398133,
                        15.559264
                    ],
                    [
                        107.397927,
                        15.559201
                    ],
                    [
                        107.397776,
                        15.559109
                    ],
                    [
                        107.397549,
                        15.558891
                    ],
                    [
                        107.39737,
                        15.558815
                    ],
                    [
                        107.397187,
                        15.558799
                    ],
                    [
                        107.397001,
                        15.558824
                    ],
                    [
                        107.396849,
                        15.558878
                    ],
                    [
                        107.396725,
                        15.558928
                    ],
                    [
                        107.396589,
                        15.55896
                    ],
                    [
                        107.396478,
                        15.558958
                    ],
                    [
                        107.396364,
                        15.558923
                    ],
                    [
                        107.396202,
                        15.558816
                    ],
                    [
                        107.396084,
                        15.558764
                    ],
                    [
                        107.395967,
                        15.558764
                    ],
                    [
                        107.395906,
                        15.558781
                    ],
                    [
                        107.395858,
                        15.55883
                    ],
                    [
                        107.395842,
                        15.558897
                    ],
                    [
                        107.395858,
                        15.558991
                    ],
                    [
                        107.395967,
                        15.559274
                    ],
                    [
                        107.396019,
                        15.559462
                    ],
                    [
                        107.39601,
                        15.559624
                    ],
                    [
                        107.395948,
                        15.559936
                    ],
                    [
                        107.395909,
                        15.560144
                    ],
                    [
                        107.395861,
                        15.560246
                    ],
                    [
                        107.395776,
                        15.560322
                    ],
                    [
                        107.395598,
                        15.560394
                    ],
                    [
                        107.395327,
                        15.560467
                    ],
                    [
                        107.395174,
                        15.56046
                    ],
                    [
                        107.39504,
                        15.560404
                    ],
                    [
                        107.394871,
                        15.560306
                    ],
                    [
                        107.39476,
                        15.560277
                    ],
                    [
                        107.39466,
                        15.56028
                    ],
                    [
                        107.394554,
                        15.560319
                    ],
                    [
                        107.394463,
                        15.560389
                    ],
                    [
                        107.394394,
                        15.560526
                    ],
                    [
                        107.394363,
                        15.560647
                    ],
                    [
                        107.394341,
                        15.560822
                    ],
                    [
                        107.394297,
                        15.561001
                    ],
                    [
                        107.393926,
                        15.561646
                    ],
                    [
                        107.393848,
                        15.561863
                    ],
                    [
                        107.393822,
                        15.562108
                    ],
                    [
                        107.393795,
                        15.562382
                    ],
                    [
                        107.393758,
                        15.562451
                    ],
                    [
                        107.393691,
                        15.562518
                    ],
                    [
                        107.393495,
                        15.56261
                    ],
                    [
                        107.393302,
                        15.562688
                    ],
                    [
                        107.393203,
                        15.562761
                    ],
                    [
                        107.393165,
                        15.562836
                    ],
                    [
                        107.393153,
                        15.562946
                    ],
                    [
                        107.393152,
                        15.563082
                    ],
                    [
                        107.393117,
                        15.563234
                    ],
                    [
                        107.393047,
                        15.563345
                    ],
                    [
                        107.392956,
                        15.563474
                    ],
                    [
                        107.392796,
                        15.563662
                    ],
                    [
                        107.392607,
                        15.563955
                    ],
                    [
                        107.392476,
                        15.564125
                    ],
                    [
                        107.392377,
                        15.564251
                    ],
                    [
                        107.392199,
                        15.564421
                    ],
                    [
                        107.392167,
                        15.564474
                    ],
                    [
                        107.392153,
                        15.564542
                    ],
                    [
                        107.392179,
                        15.56463
                    ],
                    [
                        107.392227,
                        15.564725
                    ],
                    [
                        107.392304,
                        15.564929
                    ],
                    [
                        107.392315,
                        15.565163
                    ],
                    [
                        107.392275,
                        15.56533
                    ],
                    [
                        107.3921,
                        15.565613
                    ],
                    [
                        107.391921,
                        15.565784
                    ],
                    [
                        107.391734,
                        15.565877
                    ],
                    [
                        107.391598,
                        15.565901
                    ],
                    [
                        107.391494,
                        15.565888
                    ],
                    [
                        107.391371,
                        15.565852
                    ],
                    [
                        107.391247,
                        15.565782
                    ],
                    [
                        107.391154,
                        15.565673
                    ],
                    [
                        107.391097,
                        15.565565
                    ],
                    [
                        107.391046,
                        15.56543
                    ],
                    [
                        107.391033,
                        15.565213
                    ],
                    [
                        107.391068,
                        15.564949
                    ],
                    [
                        107.39106,
                        15.564815
                    ],
                    [
                        107.39101,
                        15.564672
                    ],
                    [
                        107.390907,
                        15.564462
                    ],
                    [
                        107.390719,
                        15.564139
                    ],
                    [
                        107.390295,
                        15.563505
                    ],
                    [
                        107.390196,
                        15.563361
                    ],
                    [
                        107.390078,
                        15.563258
                    ],
                    [
                        107.390003,
                        15.563228
                    ],
                    [
                        107.389902,
                        15.563208
                    ],
                    [
                        107.389715,
                        15.563234
                    ],
                    [
                        107.38959,
                        15.563239
                    ],
                    [
                        107.389515,
                        15.563233
                    ],
                    [
                        107.389406,
                        15.56321
                    ],
                    [
                        107.389201,
                        15.563128
                    ],
                    [
                        107.389053,
                        15.563092
                    ],
                    [
                        107.388945,
                        15.563093
                    ],
                    [
                        107.388852,
                        15.563131
                    ],
                    [
                        107.388719,
                        15.563198
                    ],
                    [
                        107.388642,
                        15.563223
                    ],
                    [
                        107.388549,
                        15.563234
                    ],
                    [
                        107.388434,
                        15.563217
                    ],
                    [
                        107.388305,
                        15.563162
                    ],
                    [
                        107.388182,
                        15.56304
                    ],
                    [
                        107.387862,
                        15.562705
                    ],
                    [
                        107.387779,
                        15.562591
                    ],
                    [
                        107.387715,
                        15.562444
                    ],
                    [
                        107.38771,
                        15.562255
                    ],
                    [
                        107.387714,
                        15.561449
                    ],
                    [
                        107.387693,
                        15.561378
                    ],
                    [
                        107.387672,
                        15.561336
                    ],
                    [
                        107.387632,
                        15.561304
                    ],
                    [
                        107.387593,
                        15.561282
                    ],
                    [
                        107.387539,
                        15.561267
                    ],
                    [
                        107.387479,
                        15.561259
                    ],
                    [
                        107.387423,
                        15.561276
                    ],
                    [
                        107.38727,
                        15.561348
                    ],
                    [
                        107.387066,
                        15.561463
                    ],
                    [
                        107.386914,
                        15.561544
                    ],
                    [
                        107.386711,
                        15.561605
                    ],
                    [
                        107.386676,
                        15.561605
                    ],
                    [
                        107.386581,
                        15.561591
                    ],
                    [
                        107.386524,
                        15.561573
                    ],
                    [
                        107.386466,
                        15.561535
                    ],
                    [
                        107.386296,
                        15.561384
                    ],
                    [
                        107.386146,
                        15.561172
                    ],
                    [
                        107.386111,
                        15.561051
                    ],
                    [
                        107.386119,
                        15.560936
                    ],
                    [
                        107.386173,
                        15.560821
                    ],
                    [
                        107.386409,
                        15.560555
                    ],
                    [
                        107.386677,
                        15.560379
                    ],
                    [
                        107.386913,
                        15.560278
                    ],
                    [
                        107.38713,
                        15.560172
                    ],
                    [
                        107.387213,
                        15.560069
                    ],
                    [
                        107.387262,
                        15.559955
                    ],
                    [
                        107.387264,
                        15.559816
                    ],
                    [
                        107.387242,
                        15.559745
                    ],
                    [
                        107.387201,
                        15.559681
                    ],
                    [
                        107.387114,
                        15.559591
                    ],
                    [
                        107.38699,
                        15.559485
                    ],
                    [
                        107.386937,
                        15.559422
                    ],
                    [
                        107.386894,
                        15.559346
                    ],
                    [
                        107.386861,
                        15.559219
                    ],
                    [
                        107.386833,
                        15.558971
                    ],
                    [
                        107.386845,
                        15.558791
                    ],
                    [
                        107.386879,
                        15.558612
                    ],
                    [
                        107.386913,
                        15.558469
                    ],
                    [
                        107.386962,
                        15.558326
                    ],
                    [
                        107.387243,
                        15.557761
                    ],
                    [
                        107.387318,
                        15.557589
                    ],
                    [
                        107.387384,
                        15.557301
                    ],
                    [
                        107.38739,
                        15.55717
                    ],
                    [
                        107.387372,
                        15.557048
                    ],
                    [
                        107.387313,
                        15.556826
                    ],
                    [
                        107.38727,
                        15.556736
                    ],
                    [
                        107.387215,
                        15.556668
                    ],
                    [
                        107.387146,
                        15.556601
                    ],
                    [
                        107.387058,
                        15.556556
                    ],
                    [
                        107.386857,
                        15.556532
                    ],
                    [
                        107.386529,
                        15.556537
                    ],
                    [
                        107.386382,
                        15.556516
                    ],
                    [
                        107.386313,
                        15.556481
                    ],
                    [
                        107.386229,
                        15.55641
                    ],
                    [
                        107.386156,
                        15.556227
                    ],
                    [
                        107.386071,
                        15.555808
                    ],
                    [
                        107.386017,
                        15.555666
                    ],
                    [
                        107.385957,
                        15.555595
                    ],
                    [
                        107.385888,
                        15.555539
                    ],
                    [
                        107.385733,
                        15.555501
                    ],
                    [
                        107.385459,
                        15.555509
                    ],
                    [
                        107.385241,
                        15.555575
                    ],
                    [
                        107.385124,
                        15.555671
                    ],
                    [
                        107.385022,
                        15.555898
                    ],
                    [
                        107.384954,
                        15.556214
                    ],
                    [
                        107.384908,
                        15.556261
                    ],
                    [
                        107.384844,
                        15.556299
                    ],
                    [
                        107.384749,
                        15.556299
                    ],
                    [
                        107.384635,
                        15.556272
                    ],
                    [
                        107.384381,
                        15.556118
                    ],
                    [
                        107.384204,
                        15.55596
                    ],
                    [
                        107.384004,
                        15.555805
                    ],
                    [
                        107.383888,
                        15.555753
                    ],
                    [
                        107.383505,
                        15.555568
                    ],
                    [
                        107.383316,
                        15.555431
                    ],
                    [
                        107.38313,
                        15.5552
                    ],
                    [
                        107.382877,
                        15.55495
                    ],
                    [
                        107.382665,
                        15.554851
                    ],
                    [
                        107.382344,
                        15.554733
                    ],
                    [
                        107.3822,
                        15.554621
                    ],
                    [
                        107.38216,
                        15.554496
                    ],
                    [
                        107.382173,
                        15.554351
                    ],
                    [
                        107.38233,
                        15.554107
                    ],
                    [
                        107.382364,
                        15.553982
                    ],
                    [
                        107.382364,
                        15.5538
                    ],
                    [
                        107.382305,
                        15.553557
                    ],
                    [
                        107.382034,
                        15.552873
                    ],
                    [
                        107.381978,
                        15.552575
                    ],
                    [
                        107.381983,
                        15.552195
                    ],
                    [
                        107.382041,
                        15.552051
                    ],
                    [
                        107.382162,
                        15.551962
                    ],
                    [
                        107.382413,
                        15.551813
                    ],
                    [
                        107.382481,
                        15.551711
                    ],
                    [
                        107.38249,
                        15.551553
                    ],
                    [
                        107.382437,
                        15.551255
                    ],
                    [
                        107.382471,
                        15.551036
                    ],
                    [
                        107.382603,
                        15.550632
                    ],
                    [
                        107.382638,
                        15.550451
                    ],
                    [
                        107.382635,
                        15.550231
                    ],
                    [
                        107.38251,
                        15.54997
                    ],
                    [
                        107.382398,
                        15.549817
                    ],
                    [
                        107.382099,
                        15.549561
                    ],
                    [
                        107.382022,
                        15.549449
                    ],
                    [
                        107.381853,
                        15.549147
                    ],
                    [
                        107.381746,
                        15.549058
                    ],
                    [
                        107.381447,
                        15.548797
                    ],
                    [
                        107.381345,
                        15.548639
                    ],
                    [
                        107.381196,
                        15.548379
                    ],
                    [
                        107.381027,
                        15.548262
                    ],
                    [
                        107.380529,
                        15.548002
                    ],
                    [
                        107.38035,
                        15.547834
                    ],
                    [
                        107.380191,
                        15.547634
                    ],
                    [
                        107.380036,
                        15.547317
                    ],
                    [
                        107.379882,
                        15.547066
                    ],
                    [
                        107.379659,
                        15.546777
                    ],
                    [
                        107.379505,
                        15.546466
                    ],
                    [
                        107.379456,
                        15.546159
                    ],
                    [
                        107.379456,
                        15.545507
                    ],
                    [
                        107.379427,
                        15.54533
                    ],
                    [
                        107.379321,
                        15.545177
                    ],
                    [
                        107.378843,
                        15.544758
                    ],
                    [
                        107.378722,
                        15.544576
                    ],
                    [
                        107.378398,
                        15.543966
                    ],
                    [
                        107.378157,
                        15.543627
                    ],
                    [
                        107.377939,
                        15.543473
                    ],
                    [
                        107.377655,
                        15.543375
                    ],
                    [
                        107.376669,
                        15.54324
                    ],
                    [
                        107.375674,
                        15.543115
                    ],
                    [
                        107.375446,
                        15.543058
                    ],
                    [
                        107.375294,
                        15.543013
                    ],
                    [
                        107.375181,
                        15.542945
                    ],
                    [
                        107.37463,
                        15.542492
                    ],
                    [
                        107.374283,
                        15.54218
                    ],
                    [
                        107.374079,
                        15.541996
                    ],
                    [
                        107.373954,
                        15.541926
                    ],
                    [
                        107.3738,
                        15.54189
                    ],
                    [
                        107.373467,
                        15.541623
                    ],
                    [
                        107.373333,
                        15.541515
                    ],
                    [
                        107.373208,
                        15.541462
                    ],
                    [
                        107.373076,
                        15.541441
                    ],
                    [
                        107.372925,
                        15.541434
                    ],
                    [
                        107.372679,
                        15.541476
                    ],
                    [
                        107.372521,
                        15.541488
                    ],
                    [
                        107.37233,
                        15.541492
                    ],
                    [
                        107.37212,
                        15.541483
                    ],
                    [
                        107.371962,
                        15.541458
                    ],
                    [
                        107.371834,
                        15.541412
                    ],
                    [
                        107.371724,
                        15.541349
                    ],
                    [
                        107.371599,
                        15.541253
                    ],
                    [
                        107.371489,
                        15.541145
                    ],
                    [
                        107.37141,
                        15.541042
                    ],
                    [
                        107.371343,
                        15.540968
                    ],
                    [
                        107.371233,
                        15.540852
                    ],
                    [
                        107.371102,
                        15.540812
                    ],
                    [
                        107.370971,
                        15.540787
                    ],
                    [
                        107.370809,
                        15.540772
                    ],
                    [
                        107.370659,
                        15.540802
                    ],
                    [
                        107.370477,
                        15.540888
                    ],
                    [
                        107.370363,
                        15.541003
                    ],
                    [
                        107.37029,
                        15.541133
                    ],
                    [
                        107.370134,
                        15.541553
                    ],
                    [
                        107.370072,
                        15.541653
                    ],
                    [
                        107.370014,
                        15.541698
                    ],
                    [
                        107.369921,
                        15.541723
                    ],
                    [
                        107.369781,
                        15.541718
                    ],
                    [
                        107.369495,
                        15.541653
                    ],
                    [
                        107.369375,
                        15.541598
                    ]
                ],
                "type": "LineString"
            },
            "properties": {
                "name": "Quốc Lộ 14D",
                "stroke": "#0000ff",
                "stroke-opacity": 1,
                "stroke-width": 5,
                "styleUrl": "#msn_ylw-pushpin15",
                "visibility": false
            },
            "type": "Feature"
        }
    ],
    "type": "FeatureCollection"
}